pocket_cards,pair,suited,connected,win_pct1,win_pct2,win_pct3,win_pct4,win_pct5,win_pct6,win_pct7,win_pct8
8s_As,FALSE,TRUE,FALSE,62.8,45.8,34.9,30.7,26.1,22.7,19.9,18
8s_Kd,FALSE,FALSE,FALSE,58.2,37.7,27.2,25.7,19.4,15.4,14.7,14
9s_Qd,FALSE,FALSE,FALSE,58.5,39.2,31.8,25.6,21.6,15.8,16,13.4
3s_4h,FALSE,FALSE,TRUE,42.6,28.4,20.7,16.3,13.4,11.3,8.4,9.3
Tc_Jc,FALSE,TRUE,TRUE,61.7,43.3,36.5,28.9,26.7,24.7,21.8,20.9
2c_Qs,FALSE,FALSE,FALSE,51.1,31.2,20.3,16.9,16.1,13.6,9.2,8.8
2s_Kd,FALSE,FALSE,FALSE,51.4,34.1,25.8,20.9,15.7,15,11.9,11.1
Tc_Qs,FALSE,FALSE,FALSE,58.7,43.4,32.3,27.9,22.4,18.9,17.7,17.8
4d_Tc,FALSE,FALSE,FALSE,44.2,30.3,23.5,15.6,13.5,11.6,9.2,10.1
5c_Jd,FALSE,FALSE,FALSE,49.6,31.1,21.7,19.4,15.8,11.4,10.6,8.8
Js_Ks,FALSE,TRUE,FALSE,64.4,50,37,29.7,27.7,25.3,22.3,23
2h_3d,FALSE,FALSE,TRUE,34.1,23.7,17.9,14,11.3,9.1,7.2,7.6
6h_Ks,FALSE,FALSE,FALSE,56.7,37.9,28.1,23.3,17.9,14.4,13.6,12.5
2c_Jd,FALSE,FALSE,FALSE,45.1,29.3,23.1,18.1,14.7,12.6,8.8,9.3
9c_Td,FALSE,FALSE,TRUE,53.7,37.7,28.6,23.1,21.4,16.8,14.7,14.3
2d_4d,FALSE,TRUE,FALSE,41.8,29,21.8,16.9,14.8,13.1,13.7,12.4
8s_Kc,FALSE,FALSE,FALSE,56.2,39.1,30.4,23.3,18.4,16.2,13.3,14
4h_Jc,FALSE,FALSE,FALSE,48.6,33,22.3,18.2,15.8,13.9,12,9.6
6s_Th,FALSE,FALSE,FALSE,49.1,30.2,23.4,20,15.8,13.1,10.6,9.8
7h_9c,FALSE,FALSE,FALSE,49.9,35.1,28.5,22.1,14.2,13.6,12,11.2
7d_7h,TRUE,FALSE,FALSE,69.5,46.1,32.6,28.5,24.8,18.7,16.7,14.9
2s_3d,FALSE,FALSE,TRUE,37.7,21.8,19.1,11,10.4,11.6,8.6,8.2
9h_Kd,FALSE,FALSE,FALSE,57.4,41.6,29.2,27.6,22.4,19.8,15.4,15.9
4c_8d,FALSE,FALSE,FALSE,42.6,29,21.7,14.5,11.4,12.6,10.2,8
Jc_Ks,FALSE,FALSE,FALSE,64.3,44.8,35.7,26.1,23,21.6,18.3,18.1
4d_8h,FALSE,FALSE,FALSE,46.7,28.9,21.3,14.4,12.4,12.4,10.9,9
6c_7c,FALSE,TRUE,TRUE,50.7,31.8,27.8,21.2,17.6,19.1,18.5,14.7
7c_Jc,FALSE,TRUE,FALSE,53.9,38.2,31.3,24.7,22.2,17.7,16.6,16.5
7d_8c,FALSE,FALSE,TRUE,51.6,34,26,20.2,17.1,15.8,13.8,13
4d_4s,TRUE,FALSE,FALSE,57.8,36.8,27.6,22.5,17.9,17.7,14.4,15.3
2s_Ts,FALSE,TRUE,FALSE,47.2,32.2,26.3,21.8,16.6,14.3,14,12.8
3h_4s,FALSE,FALSE,TRUE,40.7,26.6,18.9,13.5,12.6,10,9.1,9.2
2c_2h,TRUE,FALSE,FALSE,52.8,29.8,22.7,18.1,15.3,16.3,15.6,14.2
2h_3h,FALSE,TRUE,TRUE,42,27.3,21.5,16.4,14.1,12.7,12.7,12.3
8c_Ah,FALSE,FALSE,FALSE,61.9,42.9,32.8,26.3,23,18.4,16.7,15
7h_As,FALSE,FALSE,FALSE,58.7,41.3,30.7,25.2,21.9,18.3,16.9,15
9d_9s,TRUE,FALSE,FALSE,73.7,53.2,40.8,29.5,27.5,22.6,19.9,16.7
4c_Jh,FALSE,FALSE,FALSE,51.8,33,24.4,16.5,14.5,12.7,11.6,8.9
4h_9d,FALSE,FALSE,FALSE,43.5,27,20.8,15.2,11.7,9.6,11.9,8.1
3h_9c,FALSE,FALSE,FALSE,44.7,24.4,18.8,15,13.8,11,10.2,8.6
4d_Kc,FALSE,FALSE,FALSE,54.3,33.5,26.4,20.2,18.1,13.7,14.4,11.1
Tc_Ts,TRUE,FALSE,FALSE,76.6,56,44.5,37.1,29.7,27.9,23.2,18.5
3d_8s,FALSE,FALSE,FALSE,42.8,25.4,16.4,14.4,13.4,8.8,7.3,6.4
Kh_Ad,FALSE,FALSE,TRUE,68.1,49.9,42.6,32.9,29.7,25.6,22.1,19.6
7d_Ks,FALSE,FALSE,FALSE,54.7,38.4,29.4,23.6,19.2,17.9,15.1,12.3
2c_5c,FALSE,TRUE,FALSE,43.6,30.3,22,17.8,15,13,12.5,12
7c_Ks,FALSE,FALSE,FALSE,58.5,37.9,28.7,24.8,19.3,15.2,14.7,12.6
6c_Tc,FALSE,TRUE,FALSE,49.4,31.9,27.5,23.6,18.2,19.6,15.4,14.6
2c_3d,FALSE,FALSE,TRUE,37.6,25,15.2,13.4,10.2,8.4,8.3,6.2
5d_Kc,FALSE,FALSE,FALSE,56.2,34.4,27.7,23.1,19.5,14.1,14.3,12.3
4c_6h,FALSE,FALSE,FALSE,44.5,30.4,21.7,16.7,14.9,12.2,10.1,10.9
7d_Kd,FALSE,TRUE,FALSE,60.4,39.7,32.1,28,22.3,21.9,16.1,17.2
4d_Ts,FALSE,FALSE,FALSE,44.4,29.5,19.2,15.5,14.3,12.8,10.2,8.8
Kc_Ac,FALSE,TRUE,TRUE,68,50.2,41.1,37.5,30.8,30.9,24.7,22.1
Jc_Jh,TRUE,FALSE,FALSE,78.1,60.5,47.5,39.6,33.5,27.9,27.2,21.6
4h_7d,FALSE,FALSE,FALSE,44,28.2,20.4,17.6,12.6,12.3,8.2,8.4
Js_Ad,FALSE,FALSE,FALSE,63.4,47.7,38.5,30.5,25.3,23.7,18,17.1
8c_8d,TRUE,FALSE,FALSE,70.4,52.9,36.9,32.7,28,19.2,18.5,16.4
Td_Kh,FALSE,FALSE,FALSE,60.8,45.1,31.3,29.9,24.6,21.6,15.7,16.2
Jd_Qh,FALSE,FALSE,TRUE,55.7,42.7,34.7,28.5,24.1,20.8,17.9,17.6
3h_5c,FALSE,FALSE,FALSE,45.4,28.4,19.2,14.4,11.8,11,10.5,8.7
Td_Qc,FALSE,FALSE,FALSE,58.3,42,32.1,27.2,22.7,16.5,18.9,16.3
8c_Qh,FALSE,FALSE,FALSE,54.3,38.2,27,21.8,21.4,16.9,14.9,10.6
4d_5h,FALSE,FALSE,TRUE,43.9,29.3,22.8,19.3,15.5,12.2,11.5,11.7
8h_9c,FALSE,FALSE,TRUE,54.9,38.1,29.1,23.9,18.6,14.9,15.1,10.6
4c_Qd,FALSE,FALSE,FALSE,52,33.5,24.2,17.8,15.5,12.7,11,12.2
4s_7d,FALSE,FALSE,FALSE,45,28.1,21.7,17.5,13.7,12.2,10.4,9.1
Qc_Kd,FALSE,FALSE,TRUE,63.8,43.5,36.7,30.9,27.9,20.4,21.9,15.9
Jc_As,FALSE,FALSE,FALSE,65.3,46.3,37.6,30.9,25.8,24.2,19.2,17
7d_7s,TRUE,FALSE,FALSE,65.1,48.3,36.1,27.2,21.7,19.1,19.2,16
Ts_Kh,FALSE,FALSE,FALSE,60.8,43.4,34.8,29.5,24.5,21.3,20.4,15.6
9d_Ah,FALSE,FALSE,FALSE,62.1,42.8,31.9,27.4,24.7,19.5,17,15.2
8s_Qd,FALSE,FALSE,FALSE,54.9,38.7,28.4,23.3,22.3,16.8,15.6,10.9
3s_Jd,FALSE,FALSE,FALSE,48.6,31.5,22.6,17.3,12,13.5,9,10.8
9h_Kc,FALSE,FALSE,FALSE,62.1,41.2,33.1,26.6,20.6,20,15.8,14
8d_Qd,FALSE,TRUE,FALSE,56.3,38.8,31,26,21.7,19.2,18,16.8
Jh_Qh,FALSE,TRUE,TRUE,59.7,46.1,37.4,33,27.7,24.8,25.5,21.8
6d_Qh,FALSE,FALSE,FALSE,54.8,34.4,27.7,20.7,19.9,14.6,13.2,10.8
6d_Kd,FALSE,TRUE,FALSE,58.9,42.1,31.5,26.9,23.2,20,16.4,16
9d_Tc,FALSE,FALSE,TRUE,51.7,36.5,29.6,22.9,18.7,17,16.3,15.3
5s_Js,FALSE,TRUE,FALSE,54,36.2,25.9,21.6,20,17.5,15.9,15.6
Qh_Kh,FALSE,TRUE,TRUE,66.8,50.1,38.5,34.8,29.3,27.1,24.7,23.5
Kh_Ks,TRUE,FALSE,FALSE,81.3,70.5,59.6,48.7,40.8,36.7,31.2,30.9
5h_5s,TRUE,FALSE,FALSE,59.9,42.4,31.2,23.7,18.8,16,12.2,15.1
5d_Qc,FALSE,FALSE,FALSE,54.1,31.9,26.3,20.1,15.2,12.9,13.4,11.7
2d_Qc,FALSE,FALSE,FALSE,52.8,31,23.5,18.1,14.5,13.5,11.4,9.8
8h_Td,FALSE,FALSE,FALSE,55.7,38.8,26.3,22,17.7,15.7,15.7,11.8
8s_Td,FALSE,FALSE,FALSE,54,35.6,26.5,23.3,20.2,15.4,14.9,12.7
2s_6c,FALSE,FALSE,FALSE,38.7,23.7,16.4,12.5,9.4,9.2,7,7.8
7c_Kc,FALSE,TRUE,FALSE,61.1,41.7,33.9,27.1,22.6,21.1,18.1,18
6d_6h,TRUE,FALSE,FALSE,65.6,41.5,34.4,24.2,18.8,19.4,15.8,14.6
4h_5h,FALSE,TRUE,TRUE,48.5,30.7,24.9,20,19.3,19.5,16,16
8d_Kc,FALSE,FALSE,FALSE,58.9,38.8,29.2,24,19.7,16.8,15.5,12.2
8h_Ts,FALSE,FALSE,FALSE,49.8,37.3,27,21.4,19.7,15.5,14.7,12.3
9c_Ah,FALSE,FALSE,FALSE,63.1,42.2,31.6,27.4,24.7,20,16.9,14.6
8h_Qd,FALSE,FALSE,FALSE,57.2,39.3,28.7,21.4,16.6,17.3,16.7,12.2
2s_As,FALSE,TRUE,TRUE,56.4,40.8,32.6,24.4,22.7,23.7,20.3,16.6
3d_5c,FALSE,FALSE,FALSE,44.4,27.3,18.8,14.8,10.7,10.3,10.5,7.8
8c_9s,FALSE,FALSE,TRUE,50.4,31.7,27.9,21,21.6,14.7,15.5,12.4
Th_Qc,FALSE,FALSE,FALSE,55.4,45.3,34.2,27.5,25.4,21.9,17.9,14.4
4d_6h,FALSE,FALSE,FALSE,43.4,29.8,19.4,15.7,12.4,12.3,9.8,9.4
3c_Js,FALSE,FALSE,FALSE,50.4,29.4,19.1,15.9,14.6,13.2,9.8,9.8
Jh_Qs,FALSE,FALSE,TRUE,60.2,43,32.6,27.2,24.3,21.9,19,17.3
3d_Th,FALSE,FALSE,FALSE,48.5,28.3,21.3,17.4,11.8,10.4,8.6,8
3d_8d,FALSE,TRUE,FALSE,42,28,24.8,18.4,14.5,15.3,12.7,10.5
Kh_Ah,FALSE,TRUE,TRUE,67.5,55.9,42,34.8,30.1,30.2,25.2,23.2
9s_Jh,FALSE,FALSE,FALSE,58,38.7,30,25.8,19.2,19,16.2,15.9
Th_Ks,FALSE,FALSE,FALSE,61.5,45.7,33.4,28.3,26.6,19.8,18.6,15.6
Js_Qc,FALSE,FALSE,TRUE,61.6,44.3,33.9,26.3,23.2,23.6,18.3,18.3
Tc_Ks,FALSE,FALSE,FALSE,60.6,43.3,34.7,28,22.9,19.7,19.3,17
7d_Kc,FALSE,FALSE,FALSE,56.5,39.3,30,22.8,18.1,17.4,11.4,11
3s_6d,FALSE,FALSE,FALSE,43.9,27.2,19.8,16.5,13.1,10.8,8.7,8.4
6h_Qh,FALSE,TRUE,FALSE,55.5,38.6,28.4,23.5,21.1,18.7,16.3,17.6
2h_Js,FALSE,FALSE,FALSE,47,29.3,20,16,12.3,11.1,8,8.8
2s_Qs,FALSE,TRUE,FALSE,50.8,36.4,27,19.9,18,15.3,14.6,12.8
5c_9s,FALSE,FALSE,FALSE,45.2,29.7,23.2,16.8,13.4,11.1,11.9,7.5
5c_8h,FALSE,FALSE,FALSE,46.2,31.6,21,17,14.3,13.6,10.7,8.2
4c_Kc,FALSE,TRUE,FALSE,55.7,40.3,30.5,23.9,20.2,18.6,16.1,17.9
4d_Kd,FALSE,TRUE,FALSE,57.1,37.9,30.9,23.8,20.2,19.1,18.4,14.9
8h_Ks,FALSE,FALSE,FALSE,58.3,37.1,25,23.9,20.3,17.2,12.7,13.1
Qs_Ks,FALSE,TRUE,TRUE,63.8,48.5,38.7,31.9,30.6,24.8,22.5,20.9
2d_2s,TRUE,FALSE,FALSE,52.2,29.5,22.8,20.1,18,13.4,15,13.4
4c_7c,FALSE,TRUE,FALSE,46.9,31.6,25.5,18.9,18.1,15.8,13.6,13.5
Qc_Qh,TRUE,FALSE,FALSE,78.9,63.7,54.1,47,39.2,31.2,31.3,24.9
4s_9s,FALSE,TRUE,FALSE,45.3,32.9,23.4,18.9,15.6,13.6,11.8,10.9
3h_3s,TRUE,FALSE,FALSE,55.6,36.9,26.3,20,16.6,14.3,12.8,16.2
3d_6c,FALSE,FALSE,FALSE,40.5,26.1,21.2,14.5,10.9,10.8,10,6.7
6s_Td,FALSE,FALSE,FALSE,48.7,31.7,25.2,19.7,15.9,12,12.4,11.4
6d_Jd,FALSE,TRUE,FALSE,53.2,36.8,29.4,24.9,18.1,15.7,15.5,14.3
4h_As,FALSE,FALSE,FALSE,58.7,40.2,29.6,24.3,19.7,18.3,17.7,13.1
2h_4h,FALSE,TRUE,FALSE,44.9,26.5,19.8,17.7,15.6,13.4,12.9,11.5
5c_Ah,FALSE,FALSE,FALSE,59.5,40.9,32.1,23.7,21.5,17.7,17.5,14.4
Qd_Kh,FALSE,FALSE,TRUE,62.7,45.4,33.1,28.6,25.7,25.2,19.7,18.6
5d_Kd,FALSE,TRUE,FALSE,57.8,42,32,25.6,22.2,20.9,15.9,17.9
8h_Qh,FALSE,TRUE,FALSE,58.9,41.4,33.4,29,25,20,18.8,17.2
7s_Jh,FALSE,FALSE,FALSE,49,33.9,22,19.1,16.2,14.2,12.9,9.5
4d_6d,FALSE,TRUE,FALSE,44.4,35.3,22.7,20.5,16.9,15.8,14.3,14
7d_Jc,FALSE,FALSE,FALSE,53.7,35,25.7,18.9,16.3,14.6,12.2,11.5
2d_Ks,FALSE,FALSE,FALSE,55.1,34.2,23.1,19.5,15.7,14.7,12.8,10.2
Ts_Kd,FALSE,FALSE,FALSE,63.8,43.7,34.8,29.2,22.4,23.1,19.2,16.4
3s_9c,FALSE,FALSE,FALSE,40.2,29,19,16.2,13.2,12.8,9.5,8.9
Jd_Kh,FALSE,FALSE,FALSE,61.5,43.9,32.2,28.6,25.8,20.7,19.7,17
4h_7c,FALSE,FALSE,FALSE,43.3,31.2,21.4,16.3,13.9,13.5,13.5,7.8
2s_5c,FALSE,FALSE,FALSE,39.5,25.7,16.1,14,11.4,10.6,9.2,7.9
5h_8d,FALSE,FALSE,FALSE,46.9,29.9,20,16.9,12.8,13.7,12.5,8.6
6d_Ks,FALSE,FALSE,FALSE,56.7,36,27.9,24.2,19.9,14.7,15,13.3
8s_Jh,FALSE,FALSE,FALSE,53.2,36.5,28.7,19.5,17.4,16.3,13.9,13
2c_5h,FALSE,FALSE,FALSE,41.6,22.5,18.8,13.8,13.1,9.7,11.2,8.4
3s_Td,FALSE,FALSE,FALSE,47.5,30.5,21.7,16.3,13.2,11.2,9.7,8.2
3s_As,FALSE,TRUE,FALSE,59.9,38.5,32.7,28.8,24.9,19.5,19.9,20
2d_8d,FALSE,TRUE,FALSE,46.3,27.9,19.9,17,15.6,12.4,10.8,11.6
Jd_Kc,FALSE,FALSE,FALSE,61.7,41.4,33.4,29.7,23.4,20.4,18.9,17.6
5d_Th,FALSE,FALSE,FALSE,48.8,29.1,24.7,17.3,14.4,12.6,13.4,10.5
2s_4d,FALSE,FALSE,FALSE,39.2,23.1,15.6,12.5,10.5,10,7.6,8.8
4s_Qh,FALSE,FALSE,FALSE,53.3,35.7,23.5,19.8,14,14.2,10.2,9.9
5h_Jd,FALSE,FALSE,FALSE,49.7,32.1,22.6,17.7,13.9,14.3,11,10.2
Jh_Ah,FALSE,TRUE,FALSE,68.8,49.4,43,31.8,29,27.1,22.5,22.9
3c_Tc,FALSE,TRUE,FALSE,49,31.6,25.4,19.8,16.1,16.1,15,14.8
2h_9c,FALSE,FALSE,FALSE,43.6,25.8,19.7,15.4,12.2,11.3,9.2,8.2
9d_Kc,FALSE,FALSE,FALSE,59.8,40.8,30.7,24.6,23.4,19.3,16.8,13
3d_4c,FALSE,FALSE,TRUE,42.3,27.4,18.5,14.4,12.3,10.7,11.1,8.5
7d_8h,FALSE,FALSE,TRUE,49.1,32.9,27.6,20.2,15.4,13.2,12.4,12.2
4h_Th,FALSE,TRUE,FALSE,50.3,33.5,24.9,22.2,18.6,15.1,15,12
7h_Qh,FALSE,TRUE,FALSE,54.9,38.5,28.5,23.9,21.3,16.4,19.7,15
5s_Qd,FALSE,FALSE,FALSE,51.4,35.4,25.9,19,15.6,13.6,11.3,9.1
2h_5s,FALSE,FALSE,FALSE,41,23.6,18.6,14.1,11.3,9.9,10,8.2
8s_Jd,FALSE,FALSE,FALSE,53.4,38.2,27.6,23.3,16.4,16.1,13.5,10.2
2h_Qc,FALSE,FALSE,FALSE,50.6,29.6,21.8,17.7,16.8,12,11.4,9
5c_Ac,FALSE,TRUE,FALSE,64.3,42.3,32.2,25.3,23.3,22.6,19.9,20.5
8s_Qc,FALSE,FALSE,FALSE,56.2,38.8,29.7,23.9,18.3,16.3,16.5,11.9
4d_Th,FALSE,FALSE,FALSE,47.7,30.5,23,15.8,12.1,12.1,10.4,8.6
2h_8d,FALSE,FALSE,FALSE,43.9,24.7,18.5,13.8,11.3,8.9,7.4,5.9
4s_6c,FALSE,FALSE,FALSE,42.6,29.3,23.1,15.6,14.4,13,11.7,9.6
2d_Qd,FALSE,TRUE,FALSE,53.1,35.7,27.9,21.9,17.3,15.4,14.5,12.3
4c_Tc,FALSE,TRUE,FALSE,51.5,33.8,26.5,20.2,18.6,14.5,13.7,12.5
4h_5s,FALSE,FALSE,TRUE,44.4,28.2,22.4,16.2,14.5,14.4,12.6,10.2
3d_9c,FALSE,FALSE,FALSE,44.4,28.8,18.3,14.2,12.8,10.7,9.5,8.2
4s_Ah,FALSE,FALSE,FALSE,59,39.4,31.4,23.9,22.6,19.8,16.2,13.1
8h_Jc,FALSE,FALSE,FALSE,54.6,39.7,27.9,23.5,18.7,15,13.6,12.3
8c_Th,FALSE,FALSE,FALSE,54.7,38.1,27,21.3,18.8,18.2,14.7,13.7
Jc_Qs,FALSE,FALSE,TRUE,61.4,45.4,32.6,26.5,26.4,21.6,17.2,16.4
2c_4d,FALSE,FALSE,FALSE,40.7,22.3,17,13.7,12,8.1,6.9,7.7
3s_4c,FALSE,FALSE,TRUE,42.5,24.6,19.6,14.3,15.4,10.6,10,10.3
8h_Kc,FALSE,FALSE,FALSE,61,41.8,28.3,23.5,21.4,15.6,15.1,12.6
2s_4h,FALSE,FALSE,FALSE,40.5,23.9,16,14.1,10.8,7.6,7.6,7.6
Jd_Ah,FALSE,FALSE,FALSE,65.4,47.1,32.6,32.6,26.2,20.6,18,17.8
Jh_Js,TRUE,FALSE,FALSE,80.6,60.8,52,40.5,34.2,30.3,22.8,23.1
3d_Ah,FALSE,FALSE,FALSE,57.5,41,28.9,25,23.1,17,15,14.4
4h_8c,FALSE,FALSE,FALSE,43.2,28,21.1,14.4,13.7,10.6,9.7,7.8
Td_As,FALSE,FALSE,FALSE,63.9,46.5,35.8,28.2,24.2,24.8,20,16.6
2s_9s,FALSE,TRUE,FALSE,47.1,27.6,22.8,17.6,15.2,14.6,11.3,11.6
7h_Tc,FALSE,FALSE,FALSE,52,31.2,25.9,20.8,16.8,12.7,14.4,13.4
5s_Tc,FALSE,FALSE,FALSE,51,30.1,20.5,17,15.1,13,10.9,10.4
6h_Jc,FALSE,FALSE,FALSE,51.5,35,24.4,17.8,17.5,13.4,12,11.1
Jd_Ad,FALSE,TRUE,FALSE,68.2,47.8,39.2,34.7,31.8,25.4,25.7,20.3
4s_9c,FALSE,FALSE,FALSE,46.1,28.9,22.1,13.3,12.8,9.7,8,8.2
Kh_Ac,FALSE,FALSE,TRUE,65.2,49.7,40,33.7,30.4,25.6,23.4,20.5
3d_Jd,FALSE,TRUE,FALSE,51.7,34.3,26.7,22.3,17.6,16.2,14.9,12.3
4h_9h,FALSE,TRUE,FALSE,48.4,30.5,22.5,16.8,15.7,14.8,13.3,11.2
5c_Qd,FALSE,FALSE,FALSE,52.7,32.3,23.9,21.9,15,12.8,11.6,12.2
9d_Qh,FALSE,FALSE,FALSE,55.3,41.2,29.3,24.8,18.9,17.6,15,12.8
3h_9h,FALSE,TRUE,FALSE,47.9,31.9,25.5,19,16.4,13.6,15.2,10.4
4h_8h,FALSE,TRUE,FALSE,45.3,31.7,24.6,19.9,16.4,13.8,13.9,12.3
9d_Jd,FALSE,TRUE,FALSE,55.7,40.4,35.4,27.5,24.1,22.3,18.5,14.7
8c_Ks,FALSE,FALSE,FALSE,57.8,36.3,28.8,24.6,19,16.5,15,13.6
6h_9d,FALSE,FALSE,FALSE,49.1,31.1,24.6,19.3,16,13.6,9.7,10.3
8d_Ah,FALSE,FALSE,FALSE,62.6,42.3,31.8,25.4,22.3,18.4,14,16.4
5h_Ad,FALSE,FALSE,FALSE,58.6,39.5,30.4,25.1,21.7,17.5,15.7,14.7
6d_Ah,FALSE,FALSE,FALSE,58.7,40,29.1,22.9,20.7,15.1,14.1,12.8
3s_Qs,FALSE,TRUE,FALSE,55.3,35.7,28.4,22.9,21.3,18.4,14.8,14.1
7h_Ks,FALSE,FALSE,FALSE,57.9,39.6,29.6,22.9,19.6,17.2,12.6,11.2
8h_As,FALSE,FALSE,FALSE,61.2,42.2,33.8,25.3,21.4,16.6,16,15.4
4c_5s,FALSE,FALSE,TRUE,43.4,30.7,19.8,18,16.1,13.3,12.1,10.2
6h_9c,FALSE,FALSE,FALSE,49.3,33.4,24.1,18.2,17.3,13.1,12,9.7
3h_5s,FALSE,FALSE,FALSE,41.6,26.1,18.4,16,12.6,10.6,10.8,11
4h_Ts,FALSE,FALSE,FALSE,46.5,32.9,22.2,18.2,13.1,9.1,10.8,9.4
2c_Kd,FALSE,FALSE,FALSE,50.1,36.1,26.2,18.8,16,16,11.9,9.7
3d_6d,FALSE,TRUE,FALSE,45.5,28.2,24.4,17.9,17,13.7,12.6,12
3d_Ks,FALSE,FALSE,FALSE,53.5,34.3,26.4,19.7,19.4,15.9,11.3,11
3c_Th,FALSE,FALSE,FALSE,44.7,29.3,20.5,15.8,11.3,11.4,8.9,8.8
5c_5s,TRUE,FALSE,FALSE,61,41,28.5,22.6,19.8,17.1,14.3,14.4
5c_Ks,FALSE,FALSE,FALSE,53.5,35.4,28.5,21.5,17.4,15.6,13.2,11.3
6d_Jh,FALSE,FALSE,FALSE,53.6,32,25.2,18.1,14.3,11.7,11.8,8.4
7s_As,FALSE,TRUE,FALSE,63.1,44.6,33.3,30.1,26.2,22.8,19.3,17.7
Jc_Kc,FALSE,TRUE,FALSE,63.1,48.8,38.2,32.6,28,24.7,23.1,22
6c_7s,FALSE,FALSE,TRUE,49,33.2,25.6,18.7,15.3,13.9,10.9,11.1
8d_Qc,FALSE,FALSE,FALSE,55.3,36.2,27.4,25.3,17.3,17.8,14.5,13.4
9h_Th,FALSE,TRUE,TRUE,58.5,40.9,33,26.3,23.3,21.7,18.6,18.5
9s_Ac,FALSE,FALSE,FALSE,61.1,42.7,33.5,25.4,20.1,20.4,18.1,13.2
3s_7d,FALSE,FALSE,FALSE,38.5,24.6,18.6,15.9,11.2,9.5,7.5,9.6
7h_7s,TRUE,FALSE,FALSE,67.7,44.4,38,28.8,22.8,16.9,16.7,16.4
5c_6d,FALSE,FALSE,TRUE,44.1,31.9,22.7,18.2,14.6,12.6,13,10.4
8s_9d,FALSE,FALSE,TRUE,49.2,36,29.4,20.9,18.9,15.1,13.6,11.1
7s_8h,FALSE,FALSE,TRUE,49.8,35,22.8,21.5,18.5,14.5,11.2,13.3
7h_9d,FALSE,FALSE,FALSE,50.2,32.7,24.8,22,17.8,14.5,13.1,11.7
5h_Ks,FALSE,FALSE,FALSE,54.8,35.5,27,22,17.4,17.5,13.4,10.6
8h_Kh,FALSE,TRUE,FALSE,58.1,42,32.5,30,24.5,20.9,19.3,17.6
9c_Ts,FALSE,FALSE,TRUE,52,39.1,30.9,26.6,20.9,17.9,15.1,15.5
4c_Ts,FALSE,FALSE,FALSE,48.1,29.8,22.7,16.6,15.5,11.6,10,9.5
Qh_Ks,FALSE,FALSE,TRUE,60.8,45.5,38.2,30,28.4,23.6,19.3,18.2
5s_Qh,FALSE,FALSE,FALSE,53.1,35.1,24.1,21.8,15.6,15.3,11.7,10.7
5d_7h,FALSE,FALSE,FALSE,45.9,30.5,21.2,19.7,14.2,13.8,11.2,8.1
Tc_Qd,FALSE,FALSE,FALSE,56.5,43.4,31.6,27.3,21.3,20.5,17.5,16.9
5s_7h,FALSE,FALSE,FALSE,46.5,30.3,21.2,17.6,15.2,13.1,12.7,9.6
8d_Ad,FALSE,TRUE,FALSE,62.4,46.9,37,30.8,22.1,20.2,19.4,18.6
9s_Jd,FALSE,FALSE,FALSE,54.7,37.7,29.5,26.9,19.9,18.9,15.3,14
4c_6c,FALSE,TRUE,FALSE,45.5,30.5,24.5,21.1,18.4,16.1,14.5,13.3
2s_Tc,FALSE,FALSE,FALSE,45.5,29.9,20.4,14,12.5,10.3,10.4,7
Jd_Ac,FALSE,FALSE,FALSE,64.4,44.7,35.7,31.6,26.2,23.3,19.6,17.9
8c_9h,FALSE,FALSE,TRUE,51.5,35.5,29.7,20.9,18.6,16.7,14.1,13.6
4d_5s,FALSE,FALSE,TRUE,43.4,30.8,21.8,16.7,11.3,14.6,10,11.8
9d_Jh,FALSE,FALSE,FALSE,53.9,38.1,31.4,24.6,20.9,18.8,16.6,14.4
5h_Qd,FALSE,FALSE,FALSE,53.2,34.4,25.4,18,16.9,14.8,12.2,11.2
5s_Ts,FALSE,TRUE,FALSE,51.1,33.8,24.9,22.2,17.9,16.9,13.3,11
8d_Tc,FALSE,FALSE,FALSE,52.5,35.7,27.5,23.2,19.2,15.1,16.6,12.6
5d_Jd,FALSE,TRUE,FALSE,53.7,35.4,25.2,20.8,22.6,16.2,16.8,16.2
4h_Kd,FALSE,FALSE,FALSE,56.6,37.1,29.4,20.5,16.2,15.4,12.4,11.3
4h_Kh,FALSE,TRUE,FALSE,56,41.2,30.3,24.6,20.3,17.8,16.3,16.6
6d_Ad,FALSE,TRUE,FALSE,62.9,43.7,35.1,30,23.6,19.2,20.9,16.5
5h_Jc,FALSE,FALSE,FALSE,50.9,32.6,22.4,19.4,16.6,13.3,12.1,12.2
2c_As,FALSE,FALSE,TRUE,57.4,40.9,30.2,23.1,21.9,18.1,15.6,14.5
3s_Kc,FALSE,FALSE,FALSE,50.5,36.4,26.2,19.8,17.5,14.2,13.1,10.2
Th_Jc,FALSE,FALSE,TRUE,60.2,39,32,25.1,21.7,20,16.1,17.7
6s_Ad,FALSE,FALSE,FALSE,62.3,41.4,31.6,22.3,21.7,18.3,16.4,12.8
Qs_As,FALSE,TRUE,FALSE,65.5,50.1,43.4,34,31.5,27.1,22.6,21.4
2s_Ad,FALSE,FALSE,TRUE,54.4,38.4,27,23.6,18.2,16.3,15.6,13.3
Qh_Kd,FALSE,FALSE,TRUE,64.5,43.3,39.8,30.7,26.2,21.6,22.7,17.6
Jc_Js,TRUE,FALSE,FALSE,79.2,59.5,49.8,40.9,36.1,31.2,25.8,21.4
8s_Kh,FALSE,FALSE,FALSE,58.4,39,29.3,24,19.8,16.7,14.7,13
5d_6h,FALSE,FALSE,TRUE,45.8,30.3,24.1,17.3,13.9,11.5,11.2,10.3
4d_Qs,FALSE,FALSE,FALSE,49.6,32.2,23.6,16.8,17,14.1,12,11.4
5s_Td,FALSE,FALSE,FALSE,47.5,29.9,20.9,16,13.1,13.8,10.1,8.5
4h_6d,FALSE,FALSE,FALSE,44.1,28,22.4,16.4,13.9,13.5,10,10.5
4h_6c,FALSE,FALSE,FALSE,43.4,30.8,20.6,14.6,14.6,11.8,11.6,10.6
5s_9d,FALSE,FALSE,FALSE,44,30.3,21.9,17.7,14.8,13.2,10.6,10.1
2s_Kh,FALSE,FALSE,FALSE,54,35.8,24.5,20.1,14.6,15.2,12.5,10.4
9h_Qh,FALSE,TRUE,FALSE,59.7,40.2,34.6,28.3,21.7,20.5,21.5,18.5
8c_Ad,FALSE,FALSE,FALSE,61.4,40.4,29.8,24.9,21.2,20,15.6,14.3
5h_6s,FALSE,FALSE,TRUE,46.9,28.7,22.1,17.5,17.3,10.7,11.5,10.1
7c_7h,TRUE,FALSE,FALSE,63.8,48,34.8,28.2,21.8,19,15.5,18.8
6c_Qs,FALSE,FALSE,FALSE,55.7,34.7,24.6,21.8,14.3,13.8,12.7,11.6
3h_Jh,FALSE,TRUE,FALSE,50.3,31.3,26.7,21.4,17.1,14.9,14.2,13.3
3d_Js,FALSE,FALSE,FALSE,46.6,29.7,24.5,16.1,15.5,12.8,9.6,10.8
3h_9d,FALSE,FALSE,FALSE,45.9,28.6,19.4,14.3,14.1,11.4,8,6.8
3c_5d,FALSE,FALSE,FALSE,41.2,30.1,18.4,14.6,13.1,12.1,11.2,10.6
6h_Td,FALSE,FALSE,FALSE,49.4,32.8,24.8,18.6,14.7,13.5,12.3,10.3
3h_Ks,FALSE,FALSE,FALSE,53.2,34.8,24,21.3,17.5,15.2,13.8,8.2
5d_Qh,FALSE,FALSE,FALSE,50.5,32.4,26.3,19.9,16.7,14,10.6,11.2
3d_5d,FALSE,TRUE,FALSE,43.8,29.6,23.4,20.7,18.5,16.1,14.1,12.2
6s_8h,FALSE,FALSE,FALSE,49.2,33,24.7,18.4,15.9,11.9,12.4,12.4
Th_Ts,TRUE,FALSE,FALSE,73.7,58.5,48.9,37.6,29.5,23.6,21.8,20.2
2c_Ah,FALSE,FALSE,TRUE,60.2,38.6,29.1,21.4,19.7,16.7,15.3,12.7
5s_Kd,FALSE,FALSE,FALSE,54.5,37.1,27.1,21.8,18.1,13.4,14.3,14
Qh_Qs,TRUE,FALSE,FALSE,81.7,61.9,56.4,44.7,40.3,33.9,28.9,24.8
2h_7h,FALSE,TRUE,FALSE,43.5,26.2,22.3,18.8,14.6,11.8,11,10.7
8d_Jd,FALSE,TRUE,FALSE,54.4,39,30.4,25.7,21.1,18.8,18.3,15.9
2s_4c,FALSE,FALSE,FALSE,36.9,23.8,16,12.3,9.7,8.8,8,8.6
7c_8d,FALSE,FALSE,TRUE,50.4,33.3,25,22.1,17.7,17.4,13.6,10
4c_Js,FALSE,FALSE,FALSE,46.8,31.2,19.8,18.3,15.4,11,11.6,9.4
6h_Qs,FALSE,FALSE,FALSE,50.6,38.6,26.1,18.2,17.1,14.7,12.1,11.4
4c_Qh,FALSE,FALSE,FALSE,53,33.6,23.9,19.4,15,12.4,12.1,10.3
Th_Qd,FALSE,FALSE,FALSE,57.8,41.5,32.3,30,21.7,22,16.8,16.1
4d_Jh,FALSE,FALSE,FALSE,49.6,30.5,24.3,18.1,15.8,11.7,10,9.7
2h_5c,FALSE,FALSE,FALSE,38.3,24.7,17.6,12.2,13,10.9,8.8,8.3
4d_Ah,FALSE,FALSE,FALSE,59.8,41.6,30.9,24.5,21.3,19.2,15.8,13.9
Jc_Ac,FALSE,TRUE,FALSE,66.3,49.7,39.4,34.8,29.7,25,22.5,21.3
5s_6s,FALSE,TRUE,TRUE,47.9,33.3,25.4,23.1,17.7,15.9,19.4,12.8
Qs_Kd,FALSE,FALSE,TRUE,62.9,46.1,38.2,30.3,27.4,22.9,21.4,17.9
4h_7h,FALSE,TRUE,FALSE,46.9,32,24.3,21,16.6,12.9,12.3,14.5
4d_9h,FALSE,FALSE,FALSE,43,28.5,18,15.7,13.2,10.9,10.3,9.3
5h_Kc,FALSE,FALSE,FALSE,55.8,34.5,25.9,21.5,17.7,15.2,14.1,11.3
3d_9s,FALSE,FALSE,FALSE,43.2,26.1,18.8,16.2,11.6,10,8.3,8.1
9d_Ac,FALSE,FALSE,FALSE,63.9,43.4,33.1,28.2,22.7,19.1,18,16.5
Jd_Ks,FALSE,FALSE,FALSE,58.5,42.4,35.4,29.9,25.7,22.3,19.6,19
Qs_Ah,FALSE,FALSE,FALSE,66,44.7,40.3,29.6,25.6,23.5,20.3,18.3
Qs_Ac,FALSE,FALSE,FALSE,65.7,47.1,40,32.7,28.4,24.1,20.2,18.5
6h_8c,FALSE,FALSE,FALSE,50.3,30.3,21.8,20.5,15,14.4,10.2,10.7
3d_Tc,FALSE,FALSE,FALSE,46.7,26.9,18.7,15.8,14.1,10.4,8.7,8.8
8h_Kd,FALSE,FALSE,FALSE,56.1,40.3,29.3,22.8,22.2,16.1,15.5,14.4
6c_7h,FALSE,FALSE,TRUE,46.2,32.7,22.7,19.3,16,13.4,12.6,10.2
7h_Js,FALSE,FALSE,FALSE,52.9,34.2,25,21,16.1,14.4,14.5,9.8
8d_8h,TRUE,FALSE,FALSE,69.8,51.5,39.5,28.7,25.7,21.2,20.4,18
Kd_Ac,FALSE,FALSE,TRUE,65.3,48.7,39.9,35.1,29.2,23.8,24.6,19.2
3d_Kd,FALSE,TRUE,FALSE,56.5,39.2,29.4,25.2,20.8,20.3,17.5,15.9
Qd_Kd,FALSE,TRUE,TRUE,64.5,48,36.2,32.4,30.2,27.5,24,19.8
8d_Jh,FALSE,FALSE,FALSE,54.2,36.7,27.4,22.2,21.3,16.6,13.4,12.5
2d_Th,FALSE,FALSE,FALSE,42.5,28.2,22.1,17.7,14.7,10.9,8.6,7.5
2s_6s,FALSE,TRUE,FALSE,43.4,26.7,21.5,16.5,13.8,12.9,12.4,10.8
9c_Kh,FALSE,FALSE,FALSE,56.6,38.6,31.2,26.7,20.7,19.1,16.5,12.8
Ks_Ac,FALSE,FALSE,TRUE,68.3,46.2,39.9,35.2,29.9,23.9,21,23.6
5h_As,FALSE,FALSE,FALSE,58.8,40.8,33.9,23.9,23.1,18.6,16.9,13.6
5h_6h,FALSE,TRUE,TRUE,49.4,34.1,25.6,19.8,18.8,17,15.8,17.5
9d_Qc,FALSE,FALSE,FALSE,57.4,41.2,30.1,26.5,21,15.4,13.8,14.8
2c_Qh,FALSE,FALSE,FALSE,49.3,31.4,20.6,18.3,14.2,12,10.5,9.5
2c_Kh,FALSE,FALSE,FALSE,52.2,35.1,25.2,20.2,16.3,13.9,12.8,11.4
2d_3h,FALSE,FALSE,TRUE,39.7,22.3,18,12.3,10.3,8.6,7.6,8.4
5s_Kc,FALSE,FALSE,FALSE,55.9,37.5,27.8,22.3,20.2,14.8,13.9,12.3
2h_4c,FALSE,FALSE,FALSE,40.5,22.5,17.6,13.1,13,8.9,8.9,8.8
8h_Qs,FALSE,FALSE,FALSE,56.4,36.2,27,22.6,17.8,14.9,13.8,11.6
Jh_Kh,FALSE,TRUE,FALSE,67,49.1,39.3,34.4,26.1,26.8,23.1,18.7
4s_Tc,FALSE,FALSE,FALSE,44.8,30.3,24.1,18.2,13.8,10.8,11.1,9.4
6s_Qc,FALSE,FALSE,FALSE,52.1,32.4,26.8,22.1,15.1,12.6,13.5,11.7
Qc_Ad,FALSE,FALSE,FALSE,64.2,47.1,39.1,31.5,28.5,23.4,21.1,20.2
7h_9s,FALSE,FALSE,FALSE,47.4,34.8,25.5,22.2,17.3,14.5,14,12.3
6h_As,FALSE,FALSE,FALSE,61.3,41.5,29.3,24.5,18.2,17.4,16.2,18.1
5s_Kh,FALSE,FALSE,FALSE,55,35.6,26.7,21.4,18.7,14,15.1,11.7
2h_Th,FALSE,TRUE,FALSE,47.3,31.2,22.8,20,15.9,19,12.7,13.9
8h_Ad,FALSE,FALSE,FALSE,60.9,42.6,34.2,26.3,21.2,17.8,17.9,14.7
7h_Jc,FALSE,FALSE,FALSE,52.8,35.6,27.6,20.6,17.3,15.8,12,10.1
3c_7h,FALSE,FALSE,FALSE,44.8,29.1,19.9,13.2,11.2,10.7,8.8,9.2
9c_9d,TRUE,FALSE,FALSE,71,56.2,42.2,35.2,26.6,22,19.1,19.4
8c_Qs,FALSE,FALSE,FALSE,59.5,36.5,27.5,20.2,17.7,17.5,14.1,11.8
7c_Kd,FALSE,FALSE,FALSE,58.6,39.6,28.7,21.9,18.6,15.9,15.1,14.1
3h_5h,FALSE,TRUE,FALSE,44.3,28.7,25.5,20.1,15.7,16.5,15.7,12.8
4s_Kh,FALSE,FALSE,FALSE,55.4,34.5,28.9,20.8,17.4,16.1,11.9,10.7
3d_8c,FALSE,FALSE,FALSE,41.8,25.5,19.9,13.5,13,9,10.2,8.8
Td_Jh,FALSE,FALSE,TRUE,56.1,40.8,32.4,30.5,22.9,18.7,17.8,15.3
2d_5c,FALSE,FALSE,FALSE,38.7,25.2,18.9,14.1,10.6,11.2,8.5,5.9
6h_8s,FALSE,FALSE,FALSE,49.4,32.4,25.2,18,14.5,14.6,11.1,11.4
3h_4d,FALSE,FALSE,TRUE,42.3,23.4,17.9,13.7,12.2,9.8,11.8,8.5
3c_9d,FALSE,FALSE,FALSE,43.6,28.1,18.6,15.1,10.8,8.2,10.3,9.1
5s_7s,FALSE,TRUE,FALSE,49.7,36.2,25.1,20.5,16.9,16.8,13.3,12.9
3h_8s,FALSE,FALSE,FALSE,42.5,26.3,17.8,14.2,10,8.4,7.2,7.1
3c_9c,FALSE,TRUE,FALSE,47.2,29.7,22.8,19.1,17.5,16.6,14,11.6
9c_Kc,FALSE,TRUE,FALSE,63,43.5,35.2,29.6,24,19.9,20.2,17.7
6d_Qc,FALSE,FALSE,FALSE,56.4,34.3,24.9,18.6,15.9,14.4,12.8,10.9
3h_Ts,FALSE,FALSE,FALSE,46.4,28.3,18.7,16,12.5,9.8,9.9,9.6
6c_Js,FALSE,FALSE,FALSE,48.5,35.3,23.7,19.8,15.7,12.6,12.5,9.4
5h_7h,FALSE,TRUE,FALSE,48.9,33.2,25,24.5,18,17.8,16.1,15.2
2d_8s,FALSE,FALSE,FALSE,41.4,24.8,18,13.3,10.1,8.6,7.8,7.5
7h_8h,FALSE,TRUE,TRUE,52.2,39.6,29.5,24.8,22,17,16,15.2
8h_8s,TRUE,FALSE,FALSE,70.6,51,40.5,28.2,24.7,20.8,19.2,18.7
Ah_As,TRUE,FALSE,FALSE,85.5,75.2,63.8,56.1,48.2,45.6,43.3,34.3
2s_6h,FALSE,FALSE,FALSE,39.2,26.8,18.2,15.1,9.5,9.2,8.2,7
6c_Th,FALSE,FALSE,FALSE,51.4,33,23.9,18.4,16.6,13.7,13.6,11
4s_Kc,FALSE,FALSE,FALSE,54,34.7,28.7,20.9,17.3,14.3,12.3,12.5
Qc_Qd,TRUE,FALSE,FALSE,81.9,67.2,52.6,43.2,37.9,30.9,28.7,27.7
7c_Qh,FALSE,FALSE,FALSE,54.3,36.2,26.3,21.1,18.1,15.5,13.8,11.4
Td_Qh,FALSE,FALSE,FALSE,60.3,42.1,32.3,27.2,23.7,19.4,18.5,15.5
5d_9d,FALSE,TRUE,FALSE,48.8,31.8,24.3,20.1,18.7,16,14.2,13.1
3c_7c,FALSE,TRUE,FALSE,46.2,28.7,24.8,21.1,16.6,14.7,13,11.3
4s_Jh,FALSE,FALSE,FALSE,49.3,32.2,24.5,18.4,14.4,12.3,11.2,8.8
Js_Kd,FALSE,FALSE,FALSE,62.7,45.4,33.4,28.3,26.7,21.7,18.7,17.2
6c_9d,FALSE,FALSE,FALSE,49.4,31.2,23.4,17.4,15.8,14.1,12.3,9.5
4h_Qs,FALSE,FALSE,FALSE,51.7,33,22.9,19,16.8,13.5,13.7,12.1
4d_7c,FALSE,FALSE,FALSE,41.1,28.2,20.3,15.7,12.5,12.8,9.9,10.7
2h_As,FALSE,FALSE,TRUE,59.7,37,26.7,21,17,17.6,16.1,12.6
7s_8s,FALSE,TRUE,TRUE,50.4,38.1,30.4,24.3,21,20.6,16.9,15.2
7d_Js,FALSE,FALSE,FALSE,53.6,35.4,26.3,18.9,14.3,12.9,13.3,9.6
Jc_Qh,FALSE,FALSE,TRUE,59.4,41.2,36.3,28.5,25.2,21.9,16.9,17.7
2c_Ad,FALSE,FALSE,TRUE,55.8,38.5,31,23,17.6,16.2,13.4,13.3
4d_Ac,FALSE,FALSE,FALSE,61.9,40.2,32.4,24.3,22.6,19.8,15.5,11.6
2c_Jh,FALSE,FALSE,FALSE,50.4,31.3,22.8,17.5,13.8,11.2,9.9,8.6
Qd_As,FALSE,FALSE,FALSE,65.1,46.9,37,31.3,26.7,24.2,22.9,20.3
6d_8c,FALSE,FALSE,FALSE,44.5,31.9,26,18.7,16.8,12.9,12.1,9.3
4c_Kh,FALSE,FALSE,FALSE,55.6,35.8,26.5,19.1,15.9,15.2,14.4,12.7
8s_Qs,FALSE,TRUE,FALSE,57,37.2,32.2,25.2,23.1,21,19.2,14.5
6s_Jh,FALSE,FALSE,FALSE,52.9,33.5,23.1,16.8,16.9,12.6,11.8,9.4
Ts_Ac,FALSE,FALSE,FALSE,63.9,45.6,37,30,26.3,21.9,19.2,16.6
Jd_Qs,FALSE,FALSE,TRUE,59.5,43.1,33.7,29.6,25.6,22.7,19.6,15.9
2c_9h,FALSE,FALSE,FALSE,43.7,24.8,17.3,13.7,11.4,8.2,5.9,7.6
9h_Js,FALSE,FALSE,FALSE,56.3,37.2,30.2,24.5,19.4,20.1,15.6,14.4
2h_Ts,FALSE,FALSE,FALSE,44,29.1,22.3,15.6,14,10.4,9.6,9.4
4s_8d,FALSE,FALSE,FALSE,44.3,28.1,20.6,15.8,12.2,11.6,11.4,8
3h_9s,FALSE,FALSE,FALSE,43.1,26.6,19.4,13.3,10.9,10.5,9.5,7.4
2h_9s,FALSE,FALSE,FALSE,41.3,27.4,16.6,15.6,9,9.8,8.5,7.2
6s_Kc,FALSE,FALSE,FALSE,56.7,38,28.2,21.5,18.2,15.9,13.7,10.9
7c_9d,FALSE,FALSE,FALSE,48.6,34.3,25.2,21.4,16.1,12.7,12.6,10.5
4s_5c,FALSE,FALSE,TRUE,44,30.6,21.7,17,14.5,13.9,10.5,10.5
4d_8c,FALSE,FALSE,FALSE,45.4,25.6,20.4,16.2,13.1,11.3,10.9,8.9
7d_Qc,FALSE,FALSE,FALSE,55.7,38.2,27.6,20.5,17.4,14.4,13,11.8
7s_9c,FALSE,FALSE,FALSE,46.4,30.5,26.5,21.2,17,12.8,13.7,12.3
Js_Ac,FALSE,FALSE,FALSE,64.7,50.1,35.5,29.8,24.7,19.5,19,18.9
6h_9h,FALSE,TRUE,FALSE,52.1,34.5,26.9,22.3,18.4,16.2,15.8,14.4
9h_Ah,FALSE,TRUE,FALSE,62.4,48.2,36.9,28.7,26.9,21,22.4,16.7
Th_Jh,FALSE,TRUE,TRUE,57.2,43,36,29,25.5,22.8,21.6,18.8
2h_Jc,FALSE,FALSE,FALSE,47.7,31.6,20.5,16.7,12.7,11.6,8.7,8.9
8d_Qs,FALSE,FALSE,FALSE,56.1,37,30,22.6,17.1,15.2,13.5,15.5
5h_9d,FALSE,FALSE,FALSE,46.9,31,22.4,19.7,13.5,13.3,8.7,8.4
4h_5d,FALSE,FALSE,TRUE,43.5,28.6,21.3,16.9,14.8,13.6,12.5,11.4
8d_Td,FALSE,TRUE,FALSE,55.4,38.4,30,24.7,23.3,19.6,18.9,15.8
6s_Jd,FALSE,FALSE,FALSE,49.5,32.3,24.7,18,14.5,14.5,10.6,9.7
4d_9s,FALSE,FALSE,FALSE,40.9,27.8,22.4,18,13.6,10.2,9,7.6
2d_6c,FALSE,FALSE,FALSE,42.3,25.7,16,14.8,10.4,9.6,7.9,6.7
4c_6d,FALSE,FALSE,FALSE,45.5,28.4,22.1,15.7,13.9,11.7,11.7,10.3
4s_Ac,FALSE,FALSE,FALSE,58,38.7,29,25,21.3,17.7,16.1,14.2
3d_4d,FALSE,TRUE,TRUE,44.2,27.6,22.2,18.8,17.7,16.1,12.7,12.7
3h_7d,FALSE,FALSE,FALSE,44.7,26.2,17.8,14.1,12.3,9.7,9.2,7.9
Kc_As,FALSE,FALSE,TRUE,65.7,49.8,40.6,31.6,28.2,26.2,24.2,22.9
5d_Ad,FALSE,TRUE,FALSE,64,44.3,36.1,30.7,25.2,23.2,19,19.1
2c_2s,TRUE,FALSE,FALSE,50,31.2,23.9,18.2,16.1,16.6,14.1,11.9
4s_Td,FALSE,FALSE,FALSE,47.6,27.7,22.7,17.5,14.6,11.2,11.1,10
4c_4d,TRUE,FALSE,FALSE,56.2,35.8,28.8,20.3,16.2,16.5,14.5,14.2
3c_4d,FALSE,FALSE,TRUE,44.1,25.8,18.2,14.2,12.5,9.7,10,8.1
3c_9s,FALSE,FALSE,FALSE,44.6,25.6,19.9,15.5,13.2,9.8,9.8,9.1
7s_Ks,FALSE,TRUE,FALSE,58.1,41.8,33.3,29.1,24.7,19.7,18.1,16
2c_Js,FALSE,FALSE,FALSE,48.6,28.2,19.6,19,13.1,14,10.6,8.7
6h_Ac,FALSE,FALSE,FALSE,60.8,36.8,30.4,24,23,18.3,15.9,13.8
7c_Ad,FALSE,FALSE,FALSE,61.3,41.7,30.9,23.8,19.3,19.2,16.1,12.9
5c_8d,FALSE,FALSE,FALSE,45.8,28.8,25,16.5,13.5,12.9,10.7,9.4
7h_Jd,FALSE,FALSE,FALSE,50.6,34.5,25.4,21,15.2,14.3,12.3,12.9
6d_7c,FALSE,FALSE,TRUE,48.6,32.6,24.7,19.5,16.6,13.7,11.5,10.8
6d_Kc,FALSE,FALSE,FALSE,55.2,34.7,27.4,22.8,20.4,16.7,13.1,12.4
4c_Jc,FALSE,TRUE,FALSE,51.9,35.7,27.1,23.2,15.5,14,15.1,12.7
Tc_Ah,FALSE,FALSE,FALSE,60.4,47.8,37.6,29.5,26.2,21.3,18.9,17.1
4s_8s,FALSE,TRUE,FALSE,46.9,32,24,20.1,16.1,13,12.2,14.3
Td_Ah,FALSE,FALSE,FALSE,63.7,45.4,33.7,28.8,24.6,19.5,19,18.2
3h_Jc,FALSE,FALSE,FALSE,46.8,28.1,23.6,17.5,13.6,13,9,9
3s_Kd,FALSE,FALSE,FALSE,53,35.8,24.5,19.2,17.2,14.2,12.2,12.8
9h_Ks,FALSE,FALSE,FALSE,58,43.2,29.8,26.3,21.5,19.1,16.1,14.4
6c_Jc,FALSE,TRUE,FALSE,51.8,37.1,27.6,22.4,19.4,17.3,13.7,12.6
2d_5s,FALSE,FALSE,FALSE,41.6,24.8,17.3,12.7,12.5,13.2,9.2,8.3
9h_Tc,FALSE,FALSE,TRUE,54.6,38.5,28.8,26.8,18.7,19.2,15.7,14.3
Jh_As,FALSE,FALSE,FALSE,63,45.9,37.2,30.6,27.6,21.2,21.1,17.6
7d_9d,FALSE,TRUE,FALSE,51.1,34.8,28.9,25.1,20.9,17.1,15.8,14.1
9c_Ks,FALSE,FALSE,FALSE,63.9,42.4,30.3,25.6,19.9,15.3,16.1,14.2
6c_Ad,FALSE,FALSE,FALSE,59.8,41.8,29.4,26.4,20.7,16.8,16,12.2
4d_7s,FALSE,FALSE,FALSE,43.3,29.8,19.7,16.1,12.4,12.1,10.3,6.7
7d_Jd,FALSE,TRUE,FALSE,57.5,38.2,31.6,27.2,19.7,18.3,15.9,14.8
5s_As,FALSE,TRUE,FALSE,60.3,44,35.8,30,23.3,22.6,22.8,19.7
9s_Qc,FALSE,FALSE,FALSE,55.6,40.3,30.7,24,18.8,18.8,15.2,11.6
8d_9h,FALSE,FALSE,TRUE,49.4,35.2,25.4,20.6,19,14.5,14,12.7
Js_Qs,FALSE,TRUE,TRUE,61.5,45.2,37.7,29.2,27.5,26,21.2,19.6
3c_Jc,FALSE,TRUE,FALSE,49.5,32.7,27.6,22.6,17.1,15.7,13.9,14
5c_8s,FALSE,FALSE,FALSE,43.3,30.9,23.4,17.9,14.9,11.1,10.5,8
Kd_As,FALSE,FALSE,TRUE,66,50.3,38.4,33.6,30.3,23.7,22.5,20.1
4s_5h,FALSE,FALSE,TRUE,47,31,22,17.6,11.9,12.7,12,11.4
3c_3s,TRUE,FALSE,FALSE,55.5,35.9,25.7,21.1,14.8,15.7,13.8,14.5
3h_Qs,FALSE,FALSE,FALSE,51.8,32.8,23.4,18.4,13.9,13.9,9.1,8
2h_6s,FALSE,FALSE,FALSE,39.7,24.9,18.1,12,10.6,9.6,7.1,7.1
4c_Td,FALSE,FALSE,FALSE,43.1,28.3,21.9,14.4,13.6,12.7,10.4,9.8
5d_8s,FALSE,FALSE,FALSE,46.2,31.2,23.9,18.4,13.4,9.8,10.3,9.2
7d_Ad,FALSE,TRUE,FALSE,62.9,47.3,33.2,28.5,26.5,21.4,20.7,18.5
3h_Th,FALSE,TRUE,FALSE,48.8,34,23.8,19.5,18,15.8,12.6,12.9
Ts_As,FALSE,TRUE,FALSE,64.9,51.3,38.9,33.6,27.9,27.4,23.8,22.5
6d_As,FALSE,FALSE,FALSE,63.6,40.2,30.2,26.6,20.6,16.9,14.6,14.4
2c_6c,FALSE,TRUE,FALSE,44.5,26.3,21.2,15.9,16.2,11.7,12.2,10.4
6h_Kd,FALSE,FALSE,FALSE,56.8,37.6,27.6,23.8,19.1,14.9,12.8,12.2
8d_Kh,FALSE,FALSE,FALSE,58.7,41.7,27.8,25.1,18.4,17.5,15,12.9
Th_Js,FALSE,FALSE,TRUE,58.2,39,34.2,26.4,22.6,20.5,17.7,16.9
9h_Jd,FALSE,FALSE,FALSE,56.3,39.1,30.8,25,19.6,16.1,14.8,11.8
4d_8s,FALSE,FALSE,FALSE,45.3,26.5,20.3,16.3,11.8,10.3,8.2,7.8
8d_Ks,FALSE,FALSE,FALSE,55.4,38.8,28.3,23.1,22.2,16.4,14.2,13.4
Td_Ac,FALSE,FALSE,FALSE,64.3,47.4,36.9,29.7,27.6,21.9,19.5,16.5
8h_Th,FALSE,TRUE,FALSE,54.3,38.9,31.7,26.6,24.5,22.4,17.8,15.6
8h_Qc,FALSE,FALSE,FALSE,53.6,37.8,30,21.9,17.4,17,12.7,13.7
2c_Qd,FALSE,FALSE,FALSE,49.8,31.5,20.6,17.5,15,13.6,10,10.6
2s_Qh,FALSE,FALSE,FALSE,50.7,31.6,25.2,17.3,16,13.9,11.3,9.7
Qc_Ac,FALSE,TRUE,FALSE,66.2,51.4,40.4,35.3,30.4,27.4,23.7,22.6
8c_Js,FALSE,FALSE,FALSE,53.9,35.2,30.4,22.9,19.8,16.2,12.8,11.6
6c_Ks,FALSE,FALSE,FALSE,57.2,36.9,26.9,23.6,19.2,16.9,13.5,13.1
6h_7s,FALSE,FALSE,TRUE,44.3,29.8,24.7,18.6,15.3,14.2,13.7,11.7
3d_Ts,FALSE,FALSE,FALSE,44.4,27.1,21.9,19.1,12,11.4,9.7,7.7
3s_7h,FALSE,FALSE,FALSE,41.4,26.2,16.5,12.1,12.7,10.4,7.6,8.5
9c_9s,TRUE,FALSE,FALSE,74.6,54.4,41,32.1,29.1,25.1,19.6,18.2
Js_Ah,FALSE,FALSE,FALSE,64.1,47.3,37.6,31.4,24.7,22.5,16.5,17.2
5d_Ah,FALSE,FALSE,FALSE,59.8,40,31.3,24.9,22.2,15.7,15.5,16.3
3c_Td,FALSE,FALSE,FALSE,45,30.2,20.1,17.1,14.4,11.8,10.2,9.3
8c_8s,TRUE,FALSE,FALSE,70.6,51,39.3,32.8,23.8,22.2,17.7,15.2
3h_7h,FALSE,TRUE,FALSE,46.4,28.4,22.6,16.5,13.4,14.3,13.5,11.6
2s_7s,FALSE,TRUE,FALSE,42.2,28.9,21.5,19.1,15.4,15.1,10.7,10
3h_6s,FALSE,FALSE,FALSE,42.8,25.8,15.4,14.4,11.4,10.7,10,9.2
2s_9c,FALSE,FALSE,FALSE,42,28.2,17.6,14.9,12,8.4,9,7.1
5s_8s,FALSE,TRUE,FALSE,49.9,32.7,25.9,22.4,16.5,16.5,15.2,12.5
6h_Kc,FALSE,FALSE,FALSE,56.6,38.2,29.3,22.8,19.7,14.7,14.2,12.5
8h_Ah,FALSE,TRUE,FALSE,63.9,48.1,38.8,29.1,25.5,19,20.2,18
3s_Jh,FALSE,FALSE,FALSE,50.8,31.2,21.3,17.7,15.5,15.2,10.8,8.1
4h_Ac,FALSE,FALSE,FALSE,61.5,42,32.2,28,19.1,18.7,16.5,14.1
7c_Qs,FALSE,FALSE,FALSE,53.3,36.6,25.7,21.7,17.2,14.2,14.9,12.2
5c_Qc,FALSE,TRUE,FALSE,56.7,34.3,26.5,23.5,21.2,17.5,16.5,16.4
3h_5d,FALSE,FALSE,FALSE,40.8,27.3,17.9,15.5,12.1,11.6,9.8,11.6
6s_Ah,FALSE,FALSE,FALSE,61.9,41.3,29.2,23.7,20.5,17,16.7,14.7
6h_Th,FALSE,TRUE,FALSE,51.2,36.9,25.7,21.5,20.4,16.9,15.6,13.9
5d_Td,FALSE,TRUE,FALSE,48.5,34.3,27.3,19.8,15.9,13.9,17.3,14.2
6s_9h,FALSE,FALSE,FALSE,46.6,32.8,26.2,19.7,17.1,13.7,11.4,9.8
3h_8h,FALSE,TRUE,FALSE,43.7,27.2,23.9,19.4,13.7,16.1,12.8,10.7
2c_2d,TRUE,FALSE,FALSE,50.8,31.9,24.9,19.2,16,14.5,14.1,13.4
8d_9s,FALSE,FALSE,TRUE,51.5,35.2,28.9,22.3,18.2,14.8,13.7,13.9
7d_8s,FALSE,FALSE,TRUE,52.7,31.3,26,18.7,17.4,15,14.3,9.9
5c_Kh,FALSE,FALSE,FALSE,55,37.8,26.1,23,19.3,15.4,12.9,12.8
Jc_Ah,FALSE,FALSE,FALSE,65.4,47.9,39.9,27.8,28,21.3,20.9,18.2
5c_6h,FALSE,FALSE,TRUE,46.3,28.4,19.7,17.2,16.8,13.9,11,9.1
6h_Ah,FALSE,TRUE,FALSE,63.9,45.2,34,27.5,26.2,22.8,19.6,15.7
Tc_Qc,FALSE,TRUE,FALSE,60.2,45.3,39.8,30,26.8,23.7,20.9,21.1
4c_9h,FALSE,FALSE,FALSE,44.3,28.5,18.6,16.9,13.2,11.5,10.1,9
4d_Qh,FALSE,FALSE,FALSE,52.4,34.3,23.3,20,16.4,14.4,12.1,11.9
6d_7d,FALSE,TRUE,TRUE,47.4,35.3,27.6,21.7,21,17.4,17,15.3
8h_Jd,FALSE,FALSE,FALSE,53.8,36,28.5,19.8,19.6,15.1,14.6,11.1
9h_As,FALSE,FALSE,FALSE,64.2,43.7,34.2,28.5,21.8,19.7,16.9,13.8
8s_Js,FALSE,TRUE,FALSE,54.9,40.7,32.6,24.2,22.9,20.6,21,17.3
3c_Jd,FALSE,FALSE,FALSE,49.3,29.3,25.2,16.8,14.1,11.9,9.5,10
4c_Kd,FALSE,FALSE,FALSE,52.2,34.9,26.6,20.6,18.7,15.5,12.4,12
Jh_Kc,FALSE,FALSE,FALSE,61.1,42.9,36.8,27.8,25.8,20.9,18.4,16.7
7d_Ts,FALSE,FALSE,FALSE,52.8,30.8,27.2,20.3,18.7,14.7,14,11.7
3s_5h,FALSE,FALSE,FALSE,41.9,27.8,17.7,14.3,13.3,10.8,11.7,9.3
2h_9d,FALSE,FALSE,FALSE,41.9,27.8,18.5,13,12.5,9.8,8.1,7.2
2c_Ks,FALSE,FALSE,FALSE,56.8,31.4,25.7,18.6,15.3,16.4,12.1,10.5
4d_Jd,FALSE,TRUE,FALSE,51,34.9,27,20.8,17.3,16.7,13.8,11.5
5h_6c,FALSE,FALSE,TRUE,41.3,33,24.5,18.4,14.3,13.2,12.6,11.5
2d_Kc,FALSE,FALSE,FALSE,49.3,32.9,21.9,20.9,16.1,13.6,13.6,10.9
3d_Td,FALSE,TRUE,FALSE,48.5,31.8,24.7,21.5,17.8,13.5,13.9,12.2
5c_7c,FALSE,TRUE,FALSE,46.5,34,25.9,21.1,18.8,17.1,15.4,13.6
4h_Ks,FALSE,FALSE,FALSE,55,37.2,27.4,21.3,17,15,13,11.7
2d_Kd,FALSE,TRUE,FALSE,55.2,38.3,28.3,23.1,22.3,20.1,16.8,14.9
7h_Qs,FALSE,FALSE,FALSE,55.6,36.4,25.4,21.2,17.8,14.9,13.1,10.4
8d_Ac,FALSE,FALSE,FALSE,61.7,44.9,33.7,25.9,22.8,21.3,16.4,13.5
5s_Ad,FALSE,FALSE,FALSE,58.4,42.3,31.9,26.5,20.4,21,16.1,12.6
8c_As,FALSE,FALSE,FALSE,60.2,38.8,35.1,25.8,18.7,19.3,15.7,13.9
5c_As,FALSE,FALSE,FALSE,61.5,38.8,33,25,19.3,17.6,17.9,14.9
2h_Td,FALSE,FALSE,FALSE,41.5,28.5,20.1,15.7,13.8,11.8,9.1,8.3
2c_4s,FALSE,FALSE,FALSE,36.4,24.6,16.1,12.6,13,9.3,7.9,7.8
6c_Jh,FALSE,FALSE,FALSE,49.5,34.4,22.3,19.8,16.9,13.7,11.2,9.4
9s_Td,FALSE,FALSE,TRUE,55,38.6,30.4,22.8,20.5,18.9,15.2,13.4
5h_Jh,FALSE,TRUE,FALSE,52.4,36.7,25.7,20.4,20.3,17.4,13.7,12.2
2d_9h,FALSE,FALSE,FALSE,39.4,25.9,19,17.1,13.3,10.8,9.1,7.3
5s_Jd,FALSE,FALSE,FALSE,51.6,30.3,23.3,20.7,14.9,12.7,10.8,9.9
4s_Ts,FALSE,TRUE,FALSE,50.5,34.9,22.8,21.7,16.1,15.7,15.4,13.2
2c_3s,FALSE,FALSE,TRUE,37.3,25.6,16.4,15.1,11.8,11.5,7.9,6.9
6s_Kh,FALSE,FALSE,FALSE,59.7,37.8,28.2,21.8,17.7,16.3,15.4,11.9
4s_Qd,FALSE,FALSE,FALSE,51.4,33.7,25.5,18.5,15.3,13.8,11.3,10.8
6s_Kd,FALSE,FALSE,FALSE,55.8,39.3,27.1,21.6,18.5,17,14.4,12.5
6c_8c,FALSE,TRUE,FALSE,50.4,31.1,25.8,25.8,18.8,17.6,17.8,15.5
6d_9h,FALSE,FALSE,FALSE,47.1,31.5,22.1,20,14.5,13.9,13.8,11.3
Ac_Ad,TRUE,FALSE,FALSE,86,73.5,64.3,58.3,49.3,44.3,36.5,34
5d_Ks,FALSE,FALSE,FALSE,56.5,39.4,30.4,20.6,17.2,17.2,14,13
Td_Jc,FALSE,FALSE,TRUE,54.9,40.6,31.4,27.1,21,20.6,18.4,15.4
3c_8s,FALSE,FALSE,FALSE,42,27.4,17.4,12.7,10.3,10.4,8,6
2h_Kd,FALSE,FALSE,FALSE,53.8,35,25.5,19.1,15.8,13.7,11.7,11.3
2s_Jd,FALSE,FALSE,FALSE,47,29.1,22.5,15.4,13.9,10.4,11.1,8.2
4d_9c,FALSE,FALSE,FALSE,47.5,27.5,20.4,15.6,12,12.8,10.8,8.9
2d_Kh,FALSE,FALSE,FALSE,54.9,33.8,23.6,20.5,17.1,13.8,12,10.7
5h_6d,FALSE,FALSE,TRUE,45.5,28.6,22.6,18.5,15.3,14.1,10.8,11.9
2c_5s,FALSE,FALSE,FALSE,39.6,26.9,18.3,15.5,9.8,10.6,7.5,7.8
5s_6c,FALSE,FALSE,TRUE,44.3,27,23,16,15.2,12.7,13.4,9.8
5c_7h,FALSE,FALSE,FALSE,46.8,31.5,23.6,16.2,16.2,13.3,9.7,8.4
9c_Th,FALSE,FALSE,TRUE,53.8,38.4,25.4,25.2,21.9,16.9,15.6,14.7
8h_Tc,FALSE,FALSE,FALSE,54.6,36.5,29.8,22.5,19,15.9,14.7,12.9
9d_Ts,FALSE,FALSE,TRUE,54.4,37,30.2,27.2,21.1,16.4,19.1,15.3
3s_Qc,FALSE,FALSE,FALSE,53.4,32.8,26.8,19.6,15.9,12.7,12,11.4
3s_9h,FALSE,FALSE,FALSE,46.5,27.6,19.2,14.6,13.6,10,7,6.1
Th_Qh,FALSE,TRUE,FALSE,60.9,43.7,38.7,31.5,27.3,24.8,19.7,18.9
6s_Ts,FALSE,TRUE,FALSE,49.8,35.9,29.3,22.5,18.9,18.2,14.8,11.9
6d_7s,FALSE,FALSE,TRUE,47.2,29.7,25.1,21.3,17.1,15.4,12.3,11.3
Ks_As,FALSE,TRUE,TRUE,68.8,51,42.3,35.5,29.5,28.9,26.5,22.5
Th_Qs,FALSE,FALSE,FALSE,59.1,42.8,33,25.7,23.9,22.8,17.3,17
2h_5h,FALSE,TRUE,FALSE,44.9,30.2,23.5,18,15.7,16,12.1,12
2c_Kc,FALSE,TRUE,FALSE,51.6,38.5,32.2,25.2,21.3,16.4,17,15.7
3s_Qd,FALSE,FALSE,FALSE,48.3,31.6,25.1,19.3,14.5,16.1,11.7,8.2
2c_Tc,FALSE,TRUE,FALSE,49.9,34.4,24.8,20.5,15.5,14.5,12.2,12.1
Ts_Jc,FALSE,FALSE,TRUE,53.7,41.4,31.6,27.2,22.3,19.5,18.2,15.1
4c_8c,FALSE,TRUE,FALSE,51.2,32.1,20.9,15.2,18.8,13.9,13.5,12.7
5c_9d,FALSE,FALSE,FALSE,44.2,31.5,21.7,18,13,11,9.3,8.4
5d_Js,FALSE,FALSE,FALSE,51,33.9,22.5,18.4,14.6,12.9,10.3,10.5
5d_As,FALSE,FALSE,FALSE,60.3,40.7,29.6,24.3,22.6,18.9,16.4,16.2
4c_4s,TRUE,FALSE,FALSE,58,37.9,28.8,21.1,18.4,19.3,14.3,13.8
9c_Js,FALSE,FALSE,FALSE,56.4,39.1,29.1,25.2,20.3,17.9,17.3,14.5
Jh_Ks,FALSE,FALSE,FALSE,64.2,47.1,36,28.4,26.4,23.8,17.7,17.5
3d_Kc,FALSE,FALSE,FALSE,55.7,36.8,25.9,18.5,17.3,16.7,14.3,12.1
3h_7c,FALSE,FALSE,FALSE,41,24.3,17.5,16.7,11.5,8.6,7.6,8.5
2s_3c,FALSE,FALSE,TRUE,39.3,22.5,16.2,12.8,9.5,9.5,8,8.7
3h_8c,FALSE,FALSE,FALSE,40.3,26.6,19.1,12.1,11.4,10,7.7,7
2s_Jc,FALSE,FALSE,FALSE,45.4,29,21.5,17.8,14.3,11.5,10.3,9.7
Qd_Kc,FALSE,FALSE,TRUE,62.2,46.5,35.9,32.5,25.6,23.5,21.1,19.2
4c_Ac,FALSE,TRUE,FALSE,65.2,44.3,33.2,27.1,23.8,21.3,22.1,20.2
2d_7s,FALSE,FALSE,FALSE,42.4,23.3,14,12.5,11.6,7.9,8,8.5
5d_8d,FALSE,TRUE,FALSE,47.3,33.8,24.2,19,17.8,14.8,13.8,14.8
2d_3c,FALSE,FALSE,TRUE,39.7,24.8,16.8,13.5,10.6,10,8.6,7.6
6c_Kh,FALSE,FALSE,FALSE,57.1,34.6,29.4,21.3,17.9,15,14.7,12.9
4d_9d,FALSE,TRUE,FALSE,47,30.6,24.3,18.4,17,13.1,13.2,10.6
7d_Kh,FALSE,FALSE,FALSE,58.8,36.4,27.4,23.1,19,17.5,14.1,14.6
2s_7h,FALSE,FALSE,FALSE,39.9,25.5,16.7,12.5,9.7,8.5,8.1,8.1
3s_Ah,FALSE,FALSE,FALSE,55,38.9,27,22.2,17.8,17.5,16.8,14.5
2s_Ac,FALSE,FALSE,TRUE,56.1,40.3,28.6,23.2,20.2,18.3,14.1,15.3
2c_6s,FALSE,FALSE,FALSE,39.4,25.3,18.2,15.6,12.2,9.2,9.5,6.8
7s_9d,FALSE,FALSE,FALSE,51.6,30.7,24.1,21.4,16.5,16.5,12.5,14.2
Qd_Ah,FALSE,FALSE,FALSE,66.2,43.1,35.7,28,26.3,23.2,22,19.2
7h_8s,FALSE,FALSE,TRUE,47.8,33.5,27,20,20.1,13.8,14.8,10.6
3d_6h,FALSE,FALSE,FALSE,39.6,28.6,19.2,15.3,13.1,10.1,9.2,8.8
2c_8d,FALSE,FALSE,FALSE,43,24.1,18,14.2,9.6,9.9,9.4,8.4
7d_9c,FALSE,FALSE,FALSE,49.4,31.7,22.6,21.8,16.8,14.4,13.6,9.7
Ts_Qc,FALSE,FALSE,FALSE,57.2,40.2,30.6,28,22.7,19.1,18,14.7
Kd_Ah,FALSE,FALSE,TRUE,65.7,49.1,40.4,33.2,30,28.8,23.7,20.4
7d_Td,FALSE,TRUE,FALSE,56.7,34.1,30,23.2,21.7,20.4,16.3,14.8
7c_9s,FALSE,FALSE,FALSE,49,32.8,26.9,19.2,18,13.8,12.8,11.9
9s_Th,FALSE,FALSE,TRUE,53.3,38.2,32.3,25.5,20.1,16.5,14.8,13
3s_6h,FALSE,FALSE,FALSE,43.1,25.2,20.5,15.5,14,11.6,8.5,8.4
3c_6s,FALSE,FALSE,FALSE,41.2,24,17.7,16.2,11.9,11.3,12.5,9.2
3d_7d,FALSE,TRUE,FALSE,43.8,28.5,23,17.3,13.8,13,12.7,12.8
3s_8s,FALSE,TRUE,FALSE,45.4,29.7,22,19.7,13.3,14.1,9.1,11.9
Kc_Ks,TRUE,FALSE,FALSE,83.4,71.3,57.3,50.4,43.2,35.1,32.4,27.4
3h_Ad,FALSE,FALSE,FALSE,57.9,40.7,29.1,24.9,19.4,21,14.2,12.6
3c_Ad,FALSE,FALSE,FALSE,59.3,40.2,27.6,21.2,21.9,17.3,16,13.4
2c_7h,FALSE,FALSE,FALSE,37.5,24.9,16.8,13.4,12.3,8,8.1,7.8
4s_Ad,FALSE,FALSE,FALSE,60.9,40,29.4,23.8,23,17.4,17.2,14
7c_8s,FALSE,FALSE,TRUE,48.4,34.6,21.1,21.9,18.2,15.6,12.2,10.9
5h_Kh,FALSE,TRUE,FALSE,59.9,39.9,31.8,25.7,20.5,17.1,18.8,15.9
2s_5h,FALSE,FALSE,FALSE,38.4,26.7,19.8,13.9,11.5,10.5,8.2,8.6
4c_9s,FALSE,FALSE,FALSE,43.2,31.6,18.1,16.3,14.2,9.4,9.2,6.8
8s_Tc,FALSE,FALSE,FALSE,53.4,33.8,27.9,24.8,18.2,15.8,13.5,12
2h_6c,FALSE,FALSE,FALSE,41.3,24.5,16.7,13.1,10.5,8.7,9,6.8
2h_Qh,FALSE,TRUE,FALSE,56,37.5,25.4,22.3,17.3,16.1,16.2,12.8
8h_9d,FALSE,FALSE,TRUE,48.8,34.7,25.9,21.8,18.7,17.8,13.1,13.1
4h_4s,TRUE,FALSE,FALSE,57.4,36.1,26.6,22.3,17.8,16.8,14.4,13.8
3c_Ks,FALSE,FALSE,FALSE,52.7,36.3,25.9,19.3,17.7,15.3,10.9,11.9
3h_6c,FALSE,FALSE,FALSE,39.6,25.3,20,15.8,12.3,9.7,10.2,9.5
6h_Jd,FALSE,FALSE,FALSE,51,33.3,25.7,17.5,14.9,13.8,11.6,10.5
3d_7s,FALSE,FALSE,FALSE,42.6,28,18.7,13.1,11.2,9.3,9.6,7.4
Td_Kc,FALSE,FALSE,FALSE,58.8,46.5,33.1,26.3,24.8,20.9,19.9,17.7
4s_Jc,FALSE,FALSE,FALSE,48.4,30,24.1,18.8,15.2,12.9,10.1,8.9
Qh_Ac,FALSE,FALSE,FALSE,68.8,49,37.7,31,26.6,22,19.7,20
5c_Td,FALSE,FALSE,FALSE,48,30.2,20.5,16.6,15.9,10.9,11.3,9.6
2s_Qc,FALSE,FALSE,FALSE,49.2,30.1,21.7,19.4,13.5,12.4,9,8.1
3s_5c,FALSE,FALSE,FALSE,43.6,25.8,19.8,17.2,13.1,10.7,11.4,9.3
7c_As,FALSE,FALSE,FALSE,59,43.6,31,27.4,21.5,19.3,15.8,12.6
9c_Jh,FALSE,FALSE,FALSE,56.1,39.2,29.5,24,20,19,15.9,13.6
Ts_Qh,FALSE,FALSE,FALSE,61.1,40.1,34.2,29.8,23.2,22,18,14.1
5h_8h,FALSE,TRUE,FALSE,51.1,35.1,26.3,21,19.8,16.1,16.4,13.5
7s_Ah,FALSE,FALSE,FALSE,59,41.9,33,26.6,21.1,17.6,17,15
4c_7h,FALSE,FALSE,FALSE,45.6,26.9,20.1,16,13.7,12.1,12.3,10.3
3h_Kd,FALSE,FALSE,FALSE,52.8,36.5,27.1,21.8,16.9,12.6,12.5,9.9
Qh_Kc,FALSE,FALSE,TRUE,62.2,48,38,29.5,25.4,22.7,18.9,19.4
2h_7d,FALSE,FALSE,FALSE,40,25.7,17.6,13.9,9.3,9.6,7.8,6.3
5s_9s,FALSE,TRUE,FALSE,48.7,33.1,24.5,21.7,19.6,16.3,13.7,12.6
2c_Th,FALSE,FALSE,FALSE,44,27.8,20.3,15.4,12.6,9.8,9.4,7.6
6h_Tc,FALSE,FALSE,FALSE,49.2,34.1,22.4,17.8,16.8,13.2,10.6,10.4
Jd_Qc,FALSE,FALSE,TRUE,58.5,41.1,35.6,29.4,25.2,19.7,18.1,16.5
4d_Jc,FALSE,FALSE,FALSE,48,28.1,22.2,17.3,14.6,13.1,9.3,8.9
2d_6d,FALSE,TRUE,FALSE,43.1,31.1,20.8,16.3,13.8,12.8,11.1,10.2
3d_4h,FALSE,FALSE,TRUE,43.7,24.9,18.5,15.6,13.3,10.5,7.8,8.9
2h_8c,FALSE,FALSE,FALSE,41.2,25,16,13.8,11.3,7.7,6.2,8.4
2s_Ah,FALSE,FALSE,TRUE,58.9,36.9,28.1,22.9,20.7,15.8,14.5,13.2
6c_Ac,FALSE,TRUE,FALSE,61.5,43.4,33.6,27.3,23.6,22.2,20.3,19.1
Kc_Ah,FALSE,FALSE,TRUE,69.2,48.9,40.5,34.1,30.7,23.8,21.6,19.5
6c_Qd,FALSE,FALSE,FALSE,52.9,36.4,28.6,21.8,17.2,15.3,15,10.6
3d_As,FALSE,FALSE,FALSE,57.6,42,28.8,25.2,21.9,20,15.1,15.1
5s_Qc,FALSE,FALSE,FALSE,52.5,31.9,24.8,19.9,15.4,14.9,13.2,10.7
5h_Ac,FALSE,FALSE,FALSE,57.4,41.8,32.6,25.8,20.7,19.4,16.3,14.5
5s_9c,FALSE,FALSE,FALSE,48.9,32.6,23.3,15.6,15.8,13.4,10.1,7.9
7c_Jh,FALSE,FALSE,FALSE,52.2,33.3,26.6,18.6,16.5,17.3,12.7,13.5
6d_Td,FALSE,TRUE,FALSE,52.4,33.6,26.5,22.9,18.4,17.5,17.5,13.1
4s_Jd,FALSE,FALSE,FALSE,50.6,31.6,20.6,16.4,13.4,12.8,9,10.4
8d_Qh,FALSE,FALSE,FALSE,56.9,39.1,31,21.3,18.4,15.3,14.2,10.7
Kc_Ad,FALSE,FALSE,TRUE,64.2,50.9,39.7,33.4,27.7,25.2,22.2,21.5
7s_Jc,FALSE,FALSE,FALSE,51.4,33.4,26.2,19.5,18.3,14.9,13.8,11.8
3h_Ah,FALSE,TRUE,FALSE,59.9,41.4,35.3,26.6,24.2,23.7,20.7,18.3
5d_7d,FALSE,TRUE,FALSE,48.5,33.5,23.9,24,18.1,15.2,15,12.2
4c_9d,FALSE,FALSE,FALSE,45.9,28.7,20.8,15.5,12.6,8.2,9.2,8.3
2c_4c,FALSE,TRUE,FALSE,39.5,26.2,21.5,16.3,16.5,12.5,12,11.9
3c_4h,FALSE,FALSE,TRUE,44.1,25.8,19.5,16.1,11.5,10.8,10.1,9
Jc_Qd,FALSE,FALSE,TRUE,57.4,41.7,35.4,31.8,23.2,22,19,16.7
4d_Qd,FALSE,TRUE,FALSE,54.9,33.4,26.1,23.8,18.1,14.6,16.1,12.8
2s_Kc,FALSE,FALSE,FALSE,52.7,33.8,27.7,20,16.1,13.9,12.6,10.7
7h_Kh,FALSE,TRUE,FALSE,60.6,42.1,32.6,27.4,23,21.4,19.6,17.9
4h_Ah,FALSE,TRUE,FALSE,60.5,46.6,32.8,29.9,23.7,22.8,17.1,18.6
9c_Qs,FALSE,FALSE,FALSE,57.2,39.5,33.4,24.9,22.2,18.1,14.7,13.9
6s_8s,FALSE,TRUE,FALSE,46.3,35.2,30.2,22.1,18.1,16.1,16.2,16
4h_8d,FALSE,FALSE,FALSE,43.5,29.1,19.7,15.1,14.2,10.5,8.2,7.5
2c_9c,FALSE,TRUE,FALSE,45.5,28.9,24.7,20.8,15.7,16.1,13,12.2
8d_Jc,FALSE,FALSE,FALSE,52.5,36.2,25.2,22.4,19.2,16.8,13.4,12.8
Qd_Qh,TRUE,FALSE,FALSE,81.7,63.6,56.3,43.6,39.8,34.4,27.7,27
4c_4h,TRUE,FALSE,FALSE,57.2,37.3,26.7,20.5,19.2,17.1,14.2,12.4
3d_Qh,FALSE,FALSE,FALSE,49.7,30.1,21.8,19,15.5,12.8,10.1,10.2
9c_Qc,FALSE,TRUE,FALSE,56.7,42.5,32.4,28.2,25.1,21.4,20.5,20.5
5c_7s,FALSE,FALSE,FALSE,48.6,31.7,23.2,16.1,13.9,14.7,10,11.1
3c_7d,FALSE,FALSE,FALSE,42.6,27.3,21.7,13.9,10.6,10,6.4,7.5
4h_Td,FALSE,FALSE,FALSE,47.5,26.7,23,17.5,15.9,11.7,10.2,9.3
2s_6d,FALSE,FALSE,FALSE,36.9,23.7,15.9,13.5,11.8,9,7.4,8.7
Qc_As,FALSE,FALSE,FALSE,65.3,48.6,35.5,33,26.7,23.1,20.8,20.3
7c_7d,TRUE,FALSE,FALSE,68.9,47.6,34.8,28.6,24,17.8,18.1,15.4
6d_8d,FALSE,TRUE,FALSE,52.2,34.8,26.4,23.7,18.8,15.6,16.1,14.5
Jh_Ad,FALSE,FALSE,FALSE,62.1,47.8,37.7,27,26.5,24.6,19.9,18.5
3c_6h,FALSE,FALSE,FALSE,41.2,26.4,20.1,15.8,13.1,9.7,9.2,10.2
7h_Qd,FALSE,FALSE,FALSE,52.6,36,26.6,20.3,18.9,15.1,14.1,9.9
3d_9h,FALSE,FALSE,FALSE,46.9,25.2,19.8,14.4,13,9.9,8.8,8.1
6d_8h,FALSE,FALSE,FALSE,46.9,34,25.2,18.2,19,14.5,11.8,12.1
4h_Jd,FALSE,FALSE,FALSE,50.7,30.4,21.2,17.1,15.1,11.6,10.1,9.4
2c_8s,FALSE,FALSE,FALSE,39.3,24,15.5,14.2,9.1,9,8.3,7.3
6s_7s,FALSE,TRUE,TRUE,52.2,36.5,28.4,23.2,20,18.6,15.6,14.6
Ac_Ah,TRUE,FALSE,FALSE,86.3,69.7,62.4,57.4,51.4,46,40.7,35.8
2d_Tc,FALSE,FALSE,FALSE,47.6,29.1,20,16,10.5,8.9,11.1,10.9
9c_Jd,FALSE,FALSE,FALSE,54.2,38.1,27.6,22.7,20.4,18.6,13.9,13.7
9s_Js,FALSE,TRUE,FALSE,56.8,37.8,34.5,29.2,23.8,19.8,19.7,18.1
2h_9h,FALSE,TRUE,FALSE,46.5,29.6,21.6,17.7,18,13,13.2,11.1
Ts_Js,FALSE,TRUE,TRUE,61,45.4,36,32.2,25.8,22,21.5,20.8
3c_6d,FALSE,FALSE,FALSE,40.6,25.1,20.8,15.2,11,9.3,8.6,9
4s_8h,FALSE,FALSE,FALSE,44.2,28.6,17.6,18,12.7,9.7,8.6,10.8
Js_Qh,FALSE,FALSE,TRUE,60.7,40.2,32.7,25.8,23.5,22.4,19.2,16.2
4s_6d,FALSE,FALSE,FALSE,43.3,27.8,20.3,17.8,13.1,13.8,12.1,11
4s_5d,FALSE,FALSE,TRUE,44.3,27.4,21.4,16,15.6,11.9,9.7,9.8
6h_Kh,FALSE,TRUE,FALSE,59.7,39.2,30.7,27.5,22.3,19.7,17.4,15.1
2d_7h,FALSE,FALSE,FALSE,40.2,23.1,15.2,11.9,11.4,8.7,9.1,8.4
8s_Ac,FALSE,FALSE,FALSE,61,41.9,33.3,28.5,22.3,19.9,18.5,13.4
8h_Jh,FALSE,TRUE,FALSE,56.5,42.5,29.7,28.1,24.2,18.9,17.3,16.8
3s_Js,FALSE,TRUE,FALSE,51.3,35,28.7,21.6,17.3,14.1,16.2,12.5
9c_Jc,FALSE,TRUE,FALSE,59.7,42.7,35.1,28.9,26.3,22.8,18.8,17.8
2s_7d,FALSE,FALSE,FALSE,38.1,23.5,14.6,13.3,10.7,11,8.3,7
8c_Ac,FALSE,TRUE,FALSE,63.8,44.2,35.4,31.2,26.7,24,21.4,19.2
7h_8c,FALSE,FALSE,TRUE,48.5,33.8,23.7,20,17.5,17.1,12.6,11.9
3h_4c,FALSE,FALSE,TRUE,40.8,29,17.7,13.8,12.3,10.6,8.6,9.8
3s_Ad,FALSE,FALSE,FALSE,57.7,37.3,30.2,24.2,21.1,16.3,16.2,11.9
7c_Qc,FALSE,TRUE,FALSE,56,40.8,29,24,21.7,19,16.6,14.1
2s_Js,FALSE,TRUE,FALSE,50.5,34.5,24.4,23.6,16.2,15.1,14.3,15.5
5h_7d,FALSE,FALSE,FALSE,45.5,30.4,23.1,16.2,16,15.2,10.4,7.8
5c_8c,FALSE,TRUE,FALSE,47.4,33.4,26.1,20.3,18.5,17,15.4,14
4c_5h,FALSE,FALSE,TRUE,44.8,30.1,21.8,17.5,14,11.4,12.9,9.2
Qc_Ah,FALSE,FALSE,FALSE,66.7,50,36.1,31.5,29.2,23.9,20.6,19.4
6d_Jc,FALSE,FALSE,FALSE,49.7,33.6,23.5,19.5,13.4,14.3,13,10.6
Jc_Qc,FALSE,TRUE,TRUE,63.3,43.5,37.6,31.3,28.4,25.6,20.7,20.2
2d_4c,FALSE,FALSE,FALSE,37.4,26.1,16.8,14.4,12,8,8.5,9.5
Th_Kh,FALSE,TRUE,FALSE,62.9,47.1,37.3,32,26.1,23,22.9,19.3
3c_Ac,FALSE,TRUE,FALSE,60.8,41.1,31.1,27.8,25.4,22.1,20.3,18
5h_Qc,FALSE,FALSE,FALSE,52.9,36.6,23.8,17.8,15.3,14.4,13.4,9.7
5h_Th,FALSE,TRUE,FALSE,49.4,34.4,24.6,21.1,19,15.6,12.6,12.9
5d_6c,FALSE,FALSE,TRUE,42.3,31,22.8,16.9,14.9,13.9,14.5,9.6
5c_6s,FALSE,FALSE,TRUE,46.1,31,22.3,17.6,14.5,13.9,12.8,10.6
5s_Ah,FALSE,FALSE,FALSE,62.9,41.9,30.8,25.6,22.6,16.8,17.7,14.9
6s_Ks,FALSE,TRUE,FALSE,58.1,42,29.9,26.3,21.6,19,20.8,16.9
2c_8h,FALSE,FALSE,FALSE,42,25.1,15.8,13.2,10.8,9,9.5,6.5
5c_Th,FALSE,FALSE,FALSE,49.9,32.2,22.7,18.5,15.8,10.4,11.3,8.8
3s_Kh,FALSE,FALSE,FALSE,55.8,33,26.3,19.8,17.7,14.6,12,10.5
6s_7h,FALSE,FALSE,TRUE,49.6,31.8,24.3,20.7,15.3,14.7,11.6,10.6
7d_Jh,FALSE,FALSE,FALSE,51.7,33.6,28,21.8,19.5,14.3,12.8,12.2
9d_Kd,FALSE,TRUE,FALSE,61.8,45.2,36,29.8,22.6,21.5,21.1,18.8
6s_9d,FALSE,FALSE,FALSE,48.9,29.8,23.1,20.1,16.2,13,12.3,9.5
Ks_Ah,FALSE,FALSE,TRUE,68,48.9,38,33.4,29.2,27.4,22.9,20
3d_Jh,FALSE,FALSE,FALSE,48.1,29.4,21.7,14.1,16,11.9,8.3,11
2d_7d,FALSE,TRUE,FALSE,43.3,25.8,20.8,15.8,13.7,13.2,11.8,14.2
Td_Jd,FALSE,TRUE,TRUE,61.2,45.8,32.9,33.2,26.9,22.6,20.4,18.3
2c_4h,FALSE,FALSE,FALSE,42.4,24.1,17,10.6,11.7,10,9.9,8.2
9c_Qd,FALSE,FALSE,FALSE,58.2,39,31,24.5,20.9,20.3,15.9,15.6
5d_6s,FALSE,FALSE,TRUE,44.8,32,23.3,17.9,16.2,12.8,13.2,9.2
2d_Qs,FALSE,FALSE,FALSE,50.2,31.6,21.4,17,15.3,12.1,10.5,11.1
2d_8c,FALSE,FALSE,FALSE,41.3,26.4,18.8,14.6,11,10.7,8.5,6.6
4h_Qc,FALSE,FALSE,FALSE,54.3,33.5,25,19.2,15.8,13.4,11.9,9.6
2h_6h,FALSE,TRUE,FALSE,44.1,27.8,18.9,19.6,15.9,12.4,13.6,10.9
7s_Ts,FALSE,TRUE,FALSE,54.2,36.5,28.1,22.1,21,17.6,15.7,16.3
8s_Ts,FALSE,TRUE,FALSE,55.5,40.6,29.5,26.1,21,20.7,19.7,15.7
Th_Kc,FALSE,FALSE,FALSE,59,46.4,35.6,28.2,25.6,21.1,19.2,15.2
5d_6d,FALSE,TRUE,TRUE,50.6,34,27.4,20.7,20.1,16.7,16.8,14.5
5h_Td,FALSE,FALSE,FALSE,45.7,28.5,21.2,16.8,11.9,11.1,9.6,8.4
Kc_Kd,TRUE,FALSE,FALSE,81.4,69.3,57.1,48.5,43.5,37.7,30.8,30.8
9d_Th,FALSE,FALSE,TRUE,55.6,39.6,31.1,24.8,21,17.9,16,14.6
2c_Ts,FALSE,FALSE,FALSE,46.4,26.9,20.6,14,13.1,10.6,10.3,8.5
9h_Ad,FALSE,FALSE,FALSE,59.1,42.2,34.9,26.4,24.6,19.9,16,15.8
4s_Ks,FALSE,TRUE,FALSE,58.3,38.9,30.8,28,20,19.1,17.3,16.1
2h_Ac,FALSE,FALSE,TRUE,55.8,40.4,28.7,24.5,18.4,18.7,15,12.3
Th_Ah,FALSE,TRUE,FALSE,65.3,48.7,37.9,34.7,30.7,23,22.4,23.2
3s_8d,FALSE,FALSE,FALSE,43.6,26.1,18.7,14.6,11.4,10,8,6.6
6h_9s,FALSE,FALSE,FALSE,46.3,31.5,23,21.3,17,14,9.4,9.8
3d_Ad,FALSE,TRUE,FALSE,59.9,41.9,35.1,29.4,26.6,23.1,20,20
2d_6s,FALSE,FALSE,FALSE,39.4,24,18.5,13.9,11.4,10.7,9.1,7.3
5c_Jh,FALSE,FALSE,FALSE,52.8,31.5,24.5,17.9,14.8,12.8,9.7,11.2
3s_8c,FALSE,FALSE,FALSE,38.8,25.9,18.6,13.8,11,10.8,8.7,6.8
4s_7s,FALSE,TRUE,FALSE,47.1,31.8,25,18.2,16,15.8,13.8,13.5
Js_As,FALSE,TRUE,FALSE,67.7,50.9,36.9,36.9,29.1,25.7,22.7,21
3d_8h,FALSE,FALSE,FALSE,43.2,26.2,19.4,12.9,9.4,8.4,8.3,8.5
Tc_Th,TRUE,FALSE,FALSE,73.1,59.1,47.2,35.1,31.2,26.8,22.2,19.6
Jd_Qd,FALSE,TRUE,TRUE,63.6,44.5,37.5,30.5,30.1,23.7,23.3,19.2
4c_Th,FALSE,FALSE,FALSE,47.2,27.9,20.9,16.1,14,11.5,10.1,10.3
6c_Kd,FALSE,FALSE,FALSE,59.2,38.7,27.6,21,16.2,15.6,14.1,10.8
3d_3h,TRUE,FALSE,FALSE,56.7,33.4,25.4,19.9,15.5,16.7,12.9,13.5
5c_Qh,FALSE,FALSE,FALSE,51.6,37.4,25.4,20.2,16.2,15.1,11.9,10
4c_8s,FALSE,FALSE,FALSE,45.7,26.8,21.2,16.3,14.5,11,10.3,8.8
Qs_Ad,FALSE,FALSE,FALSE,66,49.3,39.8,32.3,29.6,23.9,23.5,20.3
9c_Qh,FALSE,FALSE,FALSE,56.6,39.7,31.8,24.4,20.6,18.2,13.7,13.7
4s_7c,FALSE,FALSE,FALSE,43.4,28.4,19.3,15.7,14.6,10.7,8.3,9
5d_Ts,FALSE,FALSE,FALSE,47.7,27.5,17.7,17.5,15.6,11.1,8.9,11.6
2d_3d,FALSE,TRUE,TRUE,43.5,26.7,22.1,16.8,16.2,11.5,11.4,11.1
7d_Th,FALSE,FALSE,FALSE,51.6,36.1,24.4,19.5,18,12,13.7,14
Td_Ad,FALSE,TRUE,FALSE,63.6,51.9,36.9,33.3,29.4,28.3,23.8,20.7
8h_Ac,FALSE,FALSE,FALSE,62.7,43.5,31,26.9,21.7,18.6,15.3,14.8
2d_2h,TRUE,FALSE,FALSE,51.7,31.7,23.9,19.9,14.7,15.3,13.1,11.7
5h_9c,FALSE,FALSE,FALSE,46.4,29.5,24.6,15.4,13.8,10.6,10.1,9.6
3c_8d,FALSE,FALSE,FALSE,41.4,25.7,18.4,13,12.4,8.9,9.3,8.4
Jd_Kd,FALSE,TRUE,FALSE,63.6,49.8,37.5,31.9,30.3,24.3,21.2,20.8
4h_Kc,FALSE,FALSE,FALSE,54.5,34,27,21.8,17.1,16.7,13.6,13.3
2s_7c,FALSE,FALSE,FALSE,41.3,22.4,16.4,12.3,10.8,8.2,7.7,8.8
3c_Kd,FALSE,FALSE,FALSE,54.9,34.8,27.3,21.1,17.7,15.4,13.4,11.1
4c_Ks,FALSE,FALSE,FALSE,55.2,37.6,25.2,21.2,17.5,16.3,11,12.3
3s_8h,FALSE,FALSE,FALSE,42.8,24.6,17.3,16.1,11.2,9.2,9.1,8.1
5d_5h,TRUE,FALSE,FALSE,64.3,44,30.4,23.2,19.5,18.6,16.3,15.1
Ac_As,TRUE,FALSE,FALSE,83.7,73.9,62.7,58.3,50.1,44.2,38.2,33.2
7s_Kc,FALSE,FALSE,FALSE,55.7,37.3,27.1,20.1,19.6,15.8,13.3,12.3
9d_Ks,FALSE,FALSE,FALSE,61.1,41.4,31.1,25.5,21.7,17.3,15.3,13.4
4s_Qc,FALSE,FALSE,FALSE,51.1,34.3,22.6,18.2,15.5,13.8,13.2,10.3
3s_5s,FALSE,TRUE,FALSE,45.3,33,23.3,22.3,17.4,14.2,13.2,12.1
9d_9h,TRUE,FALSE,FALSE,72.8,53.4,40.5,32.1,26.1,23.1,21.2,16.2
4d_Qc,FALSE,FALSE,FALSE,51.3,31,22.5,19.6,15.5,13.9,10.8,9.1
4c_7d,FALSE,FALSE,FALSE,44.7,28,19.9,15.9,14.7,10.9,10.3,8.4
6s_7c,FALSE,FALSE,TRUE,46.7,33.4,23.8,20.4,15,12.7,12.6,10.1
5c_Ts,FALSE,FALSE,FALSE,50.8,30.4,20.9,18.5,14.3,11.1,10.1,8.7
3c_Kc,FALSE,TRUE,FALSE,56.5,41.3,29.3,22.4,22,17.4,16.9,15.9
2c_Jc,FALSE,TRUE,FALSE,51.4,34.7,25.5,21.5,17.9,16.2,13.8,12.5
4s_Th,FALSE,FALSE,FALSE,49.2,29.7,21.8,15.5,14.4,9.7,9.4,8.6
6s_8c,FALSE,FALSE,FALSE,46.3,33.6,22.6,17.5,17.5,12.5,13.1,10.2
7c_Jd,FALSE,FALSE,FALSE,50.2,36.5,26.3,21.9,17.7,14,13.6,11.8
4s_9d,FALSE,FALSE,FALSE,46.2,28.3,20.1,14.7,12.1,10.8,9.3,9.4
7h_Ts,FALSE,FALSE,FALSE,49.7,34.5,25.7,19.8,17.7,13.5,14.2,8.6
9h_Ts,FALSE,FALSE,TRUE,54.8,38.1,28.9,22.9,20.9,15.9,16.4,11.2
4h_9s,FALSE,FALSE,FALSE,43.4,25.6,19,13,13.2,11,8.9,7.8
2d_Td,FALSE,TRUE,FALSE,51.4,32.9,23.6,18.8,19.1,17.7,11.7,14.5
6h_Ts,FALSE,FALSE,FALSE,48.7,31.6,24.2,19.7,16.5,12,12.2,10
2c_8c,FALSE,TRUE,FALSE,42,28.4,20.9,19.3,14.5,13.2,11.3,10.9
5c_Kd,FALSE,FALSE,FALSE,54.6,37.1,28.2,22.6,17.2,15.2,13.2,12.6
6c_Kc,FALSE,TRUE,FALSE,60.3,39,31.6,23.8,21.9,20.2,17.7,15.8
6c_Ah,FALSE,FALSE,FALSE,57.6,38.9,31.8,24,21.7,16.8,14.7,13.7
4h_5c,FALSE,FALSE,TRUE,44.9,27.4,19.7,16.1,16,11.4,11.7,11.1
9s_Qh,FALSE,FALSE,FALSE,56.1,38.8,32,27.2,22.2,17.7,16.4,13.2
Kd_Kh,TRUE,FALSE,FALSE,81.2,70.6,59.4,50.6,42.2,38.4,34.6,27.6
Ts_Jh,FALSE,FALSE,TRUE,54.7,40.5,30.9,28,21.5,20.9,17.6,15.6
6s_Jc,FALSE,FALSE,FALSE,48.5,32.9,23.3,15.9,16.3,13.5,11.1,10.3
3h_Qc,FALSE,FALSE,FALSE,49.7,31.8,25.3,19.7,15,12,11.6,10.1
Jh_Qd,FALSE,FALSE,TRUE,57.8,40.7,35.6,27.9,24,21.2,17.8,15.7
2h_Kc,FALSE,FALSE,FALSE,53.6,34.8,23.9,21.7,17.4,15.1,13.6,11.6
8h_9s,FALSE,FALSE,TRUE,52.7,34.9,26.7,23.2,18.7,15.8,14.4,13.4
5d_8c,FALSE,FALSE,FALSE,44.9,27.9,21.3,17.1,14.4,11.9,10.6,9.1
6h_8h,FALSE,TRUE,FALSE,51.6,35.2,26.9,22.2,19.8,20.9,14.6,13.8
4d_Kh,FALSE,FALSE,FALSE,51.1,37.1,28,20.7,18.1,13.9,14.4,13.2
2h_8h,FALSE,TRUE,FALSE,43.9,30.1,22.2,19.1,14.3,13.6,12.9,11.3
2h_Qs,FALSE,FALSE,FALSE,49.6,31.2,24,18.9,16.2,13.8,10.1,9.7
8d_9c,FALSE,FALSE,TRUE,51.7,38,28.4,21.3,19.1,15,16.5,13.2
5c_Kc,FALSE,TRUE,FALSE,58,40.2,29.9,24.6,22.9,19.3,18.7,16
7c_Qd,FALSE,FALSE,FALSE,56,36.3,26.9,22.6,15.8,14.5,12.9,11.7
2h_2s,TRUE,FALSE,FALSE,51.5,31.9,23.2,18.3,15.1,13.9,14.9,12.5
5s_8h,FALSE,FALSE,FALSE,47.2,28.9,23.2,15.1,13.3,13.3,12.2,9.2
5c_Jc,FALSE,TRUE,FALSE,52.5,34.6,26,23,18,16.1,14.3,13
4s_7h,FALSE,FALSE,FALSE,44.3,27.1,21.9,16.7,11.9,12.4,8.8,10
4d_7d,FALSE,TRUE,FALSE,47,31.4,24.2,21.9,15,16.3,13.5,13.4
Td_Js,FALSE,FALSE,TRUE,60,42.6,31.6,29.3,21.6,18.8,16,16.7
4c_8h,FALSE,FALSE,FALSE,42.5,26.8,19.7,15.2,12.7,10.7,9.7,7.2
2d_4h,FALSE,FALSE,FALSE,39.5,25.2,17.1,12.5,10.6,11.7,6.3,6.4
3c_6c,FALSE,TRUE,FALSE,46.4,28.8,22.3,18.3,16.9,15.6,13.5,12.6
9d_Ad,FALSE,TRUE,FALSE,62.8,47,37.3,32.6,25.6,23.7,19.6,20.2
8c_Qc,FALSE,TRUE,FALSE,58.6,40.6,29.9,27.4,23.6,19.9,16.3,16.9
3s_9d,FALSE,FALSE,FALSE,40.5,28.2,17.8,13,12.6,11.1,9.1,8.3
8c_Kc,FALSE,TRUE,FALSE,59.3,41.6,33.5,26,23.7,22.1,19.1,17.5
3d_Qc,FALSE,FALSE,FALSE,49.2,35.7,23.1,17.6,17.5,13.1,11.1,9.9
9c_As,FALSE,FALSE,FALSE,61.5,44,31.1,27.4,23.8,17.5,17,15.8
2d_3s,FALSE,FALSE,TRUE,37.5,24,17.5,11.8,11,10.6,8.8,8
9d_Td,FALSE,TRUE,TRUE,55.9,43.2,31,32.5,24.1,21.9,17.9,21
5h_Ah,FALSE,TRUE,FALSE,61.1,46.1,35.5,28.6,26.5,23.9,18.8,18.7
4d_7h,FALSE,FALSE,FALSE,44.2,29.3,18.2,14.6,11.7,12.4,10,10.9
3s_7s,FALSE,TRUE,FALSE,46.8,32.9,23.3,19.5,14.7,15.8,11.3,12.5
6s_9s,FALSE,TRUE,FALSE,53,34.8,27.3,22.1,17.6,16.2,15.9,16.1
2d_Jh,FALSE,FALSE,FALSE,47.9,29.4,23.4,13.9,12.9,12.5,9.2,8.9
7s_Qc,FALSE,FALSE,FALSE,53.9,35.7,26.4,23.8,18.6,15,11.8,10.4
3c_3h,TRUE,FALSE,FALSE,56.9,32.6,24.7,19.8,16.6,16.1,14.5,13.7
Kh_As,FALSE,FALSE,TRUE,67.1,46.1,39.9,32.7,30,27,21.6,19.8
Js_Qd,FALSE,FALSE,TRUE,58,42.8,34.6,29.5,24.7,19.9,19.9,15.1
Tc_Jd,FALSE,FALSE,TRUE,55.3,40.7,32.6,27.5,21,21.2,17.1,15.8
8c_Kd,FALSE,FALSE,FALSE,59,40,28.6,20.7,20,16.5,15.2,14.5
9d_Kh,FALSE,FALSE,FALSE,58.2,40.6,31.9,25.5,19.5,17.4,14.2,12
8c_9c,FALSE,TRUE,TRUE,52.1,37.6,30.2,26.3,22,18.8,17.6,14.4
8d_Js,FALSE,FALSE,FALSE,52.6,34.5,28.7,22.3,17.4,15.7,15.3,13.9
3c_Jh,FALSE,FALSE,FALSE,46.4,31.5,24.4,16.2,13.6,10,11,9.6
3h_4h,FALSE,TRUE,TRUE,44.1,30.4,22.3,17.9,15.9,12.9,14.6,13.4
6h_7c,FALSE,FALSE,TRUE,50.5,30.7,23.7,18.6,14.5,12.2,13.1,12.3
2s_8c,FALSE,FALSE,FALSE,39,25.2,18.1,15,10.6,10,7.9,7.2
7s_8c,FALSE,FALSE,TRUE,46.9,32.5,26,21,17.2,13.3,13.7,10.6
3h_Kh,FALSE,TRUE,FALSE,56.9,39.2,29.2,23.6,20.1,17.8,16.3,16.4
4s_Kd,FALSE,FALSE,FALSE,54.8,35.8,27.6,22.4,18.5,15,13,11.1
7c_Td,FALSE,FALSE,FALSE,51.2,33.3,26.4,21.6,17.1,14.4,14.3,11.2
5c_Js,FALSE,FALSE,FALSE,49.5,31.1,23.4,17.8,14.4,11.9,11.3,9.7
Ts_Ks,FALSE,TRUE,FALSE,62.5,46.5,39.6,30.7,28,22.6,22,21.3
7c_8h,FALSE,FALSE,TRUE,49.8,33.3,25.2,23.4,20.7,14.7,14.7,11.1
2s_3s,FALSE,TRUE,TRUE,41.4,26.6,19.7,16.1,17.4,13.1,12,12.2
2d_Js,FALSE,FALSE,FALSE,49.1,28.6,20.4,17.3,13.5,12.5,11.7,10.3
7s_9s,FALSE,TRUE,FALSE,52.6,37.9,29.2,23.6,19.9,20.1,17.9,14.2
3c_8c,FALSE,TRUE,FALSE,44.3,29.4,20.6,16.8,16.4,14.3,13.3,10.8
3d_4s,FALSE,FALSE,TRUE,42.1,24.7,21.3,15.9,10.8,11.2,9.5,9
6c_6s,TRUE,FALSE,FALSE,64.1,45.6,30.5,25.6,20.1,17.5,16.9,14.6
Ts_Kc,FALSE,FALSE,FALSE,61.6,45.1,32.1,29,24.5,23,16.5,16.3
9c_Kd,FALSE,FALSE,FALSE,59.8,42.8,32.3,21.9,22.6,17.9,15.3,14.5
Qh_As,FALSE,FALSE,FALSE,63.8,48.5,39,31.1,28.2,24.6,24.2,21.4
7c_8c,FALSE,TRUE,TRUE,51.6,37.1,25.3,22.8,22.9,18.9,16.9,15.4
7d_9h,FALSE,FALSE,FALSE,49.7,32.5,25.9,20,17.2,14.3,14,11.7
6c_As,FALSE,FALSE,FALSE,59.1,38.1,30,24.6,17.4,17,14.4,11.3
3s_Tc,FALSE,FALSE,FALSE,43.7,29.5,21.8,15.7,12.6,10.6,10.5,7.2
9h_Kh,FALSE,TRUE,FALSE,63.1,44.8,35.6,27.2,25.1,21.2,20.5,18.1
5d_Tc,FALSE,FALSE,FALSE,46.5,30.1,20.5,16.6,13,10.8,10.7,10
3s_Ts,FALSE,TRUE,FALSE,49.7,31.4,25,18.2,19.9,15,14,12.7
3s_Th,FALSE,FALSE,FALSE,45,29.1,19.2,15.7,12.6,9,10.2,8.4
7s_Th,FALSE,FALSE,FALSE,50.8,34.5,26.2,20.9,16.8,17.7,12,13.8
3c_Qh,FALSE,FALSE,FALSE,50,31.9,23,18.6,13.9,14.8,10.6,9.1
9h_Jh,FALSE,TRUE,FALSE,56.8,40.8,33.2,26.4,23,19.7,19.1,16.9
7s_Tc,FALSE,FALSE,FALSE,47.2,36.4,26.7,19.9,21,16.5,12.3,10.9
3c_4c,FALSE,TRUE,TRUE,44.4,27.5,24.1,20.1,15.7,13.8,12.9,11.8
4s_As,FALSE,TRUE,FALSE,61.4,43.9,32.3,25.9,24.6,24,20.6,19.9
Td_Ts,TRUE,FALSE,FALSE,77,59.1,46,38.4,32.5,26.7,22.2,21.4
5h_Ts,FALSE,FALSE,FALSE,48.4,32.4,21.3,17.2,14,12.5,9.6,10.6
Tc_Qh,FALSE,FALSE,FALSE,59.9,41.9,31.2,30.8,21.2,19.6,17.2,15.9
3h_8d,FALSE,FALSE,FALSE,40.6,25.1,17.9,13.4,11.6,10.2,7.4,6.6
4h_Qh,FALSE,TRUE,FALSE,57.4,36.8,28.4,23.1,20,17.7,17.3,14.3
7d_As,FALSE,FALSE,FALSE,60.7,42.2,31.4,26.8,24.4,18.3,14.8,14
7c_9c,FALSE,TRUE,FALSE,51.3,37.4,28.9,24.3,21.3,19.4,16.1,15.6
2h_5d,FALSE,FALSE,FALSE,41,25.2,17.5,13,11.7,9.4,9.8,9.3
Th_As,FALSE,FALSE,FALSE,62.7,46.6,34.9,28.6,23.6,21.3,18.8,16
9s_Qs,FALSE,TRUE,FALSE,61.5,42,31.5,28.7,24.1,23,18,17.6
3c_Ts,FALSE,FALSE,FALSE,45,28.5,22.2,15.4,15.6,11.5,11.6,8.9
3s_Ks,FALSE,TRUE,FALSE,56.5,39,27.8,24.2,22.2,18.7,18,18.1
5d_Qd,FALSE,TRUE,FALSE,55.1,40.6,30.7,24.2,20.3,18.8,15.9,14.6
2d_5d,FALSE,TRUE,FALSE,47,29.5,21.9,18.9,16.6,14.8,14,12.2
Jc_Kd,FALSE,FALSE,FALSE,59.6,43,35.5,26.1,25.9,19.1,17.9,16.4
9d_Js,FALSE,FALSE,FALSE,55.7,40.8,27.7,21.9,22.1,19.3,16.4,14.6
4c_Jd,FALSE,FALSE,FALSE,49.4,28.5,23.5,17.6,13.8,12.2,9.5,9.3
5s_Ks,FALSE,TRUE,FALSE,58.7,42.2,29,27.5,22.1,18.9,17.6,15.7
6c_Ts,FALSE,FALSE,FALSE,49.4,32.5,24.4,19.2,15.6,14.1,12.6,9.9
2d_9s,FALSE,FALSE,FALSE,40.9,28.3,20.6,15.6,11.8,12.5,8.6,7.5
3h_7s,FALSE,FALSE,FALSE,41.1,26.9,18.6,12.1,11.8,9.3,9.8,7.2
9h_Qc,FALSE,FALSE,FALSE,57.8,40.9,28.8,21.6,20.3,19.9,15.2,13.8
2d_Ad,FALSE,TRUE,TRUE,60.3,42.8,33.2,26.5,23.1,20.8,17.3,16.6
6s_Qd,FALSE,FALSE,FALSE,53.7,34.7,27.5,20.4,16.9,14.3,13.3,12.7
9h_9s,TRUE,FALSE,FALSE,72.5,54.3,42.8,32,27.9,24,19.8,18
3c_As,FALSE,FALSE,FALSE,59.5,41.4,28.7,22.8,19.8,17.7,14.8,14.3
7s_Qd,FALSE,FALSE,FALSE,54.1,32.9,29,23.8,15.9,15.1,12.6,11.7
7d_9s,FALSE,FALSE,FALSE,50,34.1,25.2,19.7,16.9,13.8,14.4,11.1
5c_Ad,FALSE,FALSE,FALSE,59.8,41.9,29.5,26,19.9,18.5,16.4,12.1
2d_Jc,FALSE,FALSE,FALSE,46.5,29.7,22.2,17.2,15.1,12,10.7,9.1
9s_As,FALSE,TRUE,FALSE,63.2,45.1,36,31.5,24.3,23.9,22.8,19.1
2s_4s,FALSE,TRUE,FALSE,42.7,26.5,18.3,18.2,15.3,13.2,15.6,12.6
4d_As,FALSE,FALSE,FALSE,59.9,37,30.6,24.5,21,19,16.5,14.2
7s_Kh,FALSE,FALSE,FALSE,57.8,39.8,30.7,24.4,18.4,17.9,15.4,14.1
7c_Ac,FALSE,TRUE,FALSE,62.4,45.7,34.9,29.5,23.5,22.6,19.1,18.1
5d_7c,FALSE,FALSE,FALSE,44.3,29.2,23.4,18,13.5,12.6,12.6,10.7
Tc_Td,TRUE,FALSE,FALSE,75.6,57.6,46.8,34,29.3,27.5,22.6,19.3
3c_Qc,FALSE,TRUE,FALSE,53.1,39,28.1,24.7,19.9,18.1,16.5,13.7
7c_Th,FALSE,FALSE,FALSE,53.5,33.4,24.6,21.6,18.9,13.9,11.5,11.8
2s_9d,FALSE,FALSE,FALSE,42.5,25.3,19.5,14.7,12,10,8,6.8
4s_Qs,FALSE,TRUE,FALSE,53.3,36.2,27.9,22.1,20.9,17.1,16.9,12.9
4s_Js,FALSE,TRUE,FALSE,50.9,36.2,28,22.1,19.5,16.2,16.6,13
Qc_Kh,FALSE,FALSE,TRUE,62.8,45.4,35.5,29.5,25.3,23.1,20.2,17.6
3c_9h,FALSE,FALSE,FALSE,45.2,28.3,19.2,14.4,12,10.9,11.1,7.2
3c_8h,FALSE,FALSE,FALSE,38.8,23.9,19.8,15.6,13,9.7,8.2,7.8
6d_Qd,FALSE,TRUE,FALSE,55.1,38.7,28.1,24.2,20.4,16.6,16,16
2c_3c,FALSE,TRUE,TRUE,43.4,28.6,19.8,17,11.7,14.2,12.1,13.9
5s_Th,FALSE,FALSE,FALSE,47.3,32.5,21.4,18.4,14.9,12.2,11.4,9.5
4c_As,FALSE,FALSE,FALSE,60.3,42.2,29.3,25.4,19.5,18.9,15.3,13
3c_5c,FALSE,TRUE,FALSE,46.4,31.1,22.6,18.6,17.1,13.2,14.6,14.2
3d_7h,FALSE,FALSE,FALSE,44.8,24.6,17.1,14.2,11.9,11,9,8.7
5h_Qh,FALSE,TRUE,FALSE,57,38.6,29.7,23,18.8,18.4,17.5,15.9
2s_3h,FALSE,FALSE,TRUE,38,22.3,16.6,12.3,10.7,9.1,8.4,6.4
3h_Qh,FALSE,TRUE,FALSE,53,36.3,25.4,21.8,20,19,15.9,16.5
9c_Ac,FALSE,TRUE,FALSE,64,45.9,35.9,30.7,26.4,23.4,21.4,19.6
Td_Ks,FALSE,FALSE,FALSE,61.7,44.7,31.9,27.9,21.4,20.1,19.2,16.9
Qd_Ks,FALSE,FALSE,TRUE,64.4,45.8,38.2,30.9,27.2,24.1,19.5,18.5
2h_3c,FALSE,FALSE,TRUE,38.4,23.1,16.9,11.5,10.8,7.7,8,6.3
4s_9h,FALSE,FALSE,FALSE,46.6,28.3,20.5,14.6,13.6,11.6,8.6,7.3
5s_Jc,FALSE,FALSE,FALSE,47.7,34.7,25.6,18.8,16.3,11.5,10.6,9.4
8s_Jc,FALSE,FALSE,FALSE,53.9,35.1,26.9,22.8,17.8,17,15.5,12.6
4d_6c,FALSE,FALSE,FALSE,42.8,28.3,19.1,15.2,14.1,11.5,10.6,9.5
4d_5d,FALSE,TRUE,TRUE,49.8,33.3,27.4,23,17.2,16.9,16.6,13.2
9s_Tc,FALSE,FALSE,TRUE,55.1,41.4,31.5,25.8,21.8,19.8,15.9,14.9
9s_Ah,FALSE,FALSE,FALSE,63.2,43.8,33.1,27.2,20.9,19.7,19.3,15.6
Jc_Kh,FALSE,FALSE,FALSE,65.1,42,38.6,29.1,26.5,21.1,19.1,18.3
8c_Td,FALSE,FALSE,FALSE,53.9,37.1,26.6,23.6,21.4,14.5,13.7,12.6
6d_9d,FALSE,TRUE,FALSE,49.5,31.2,27.7,21.8,19.5,14.7,11.8,13.1
8h_Js,FALSE,FALSE,FALSE,53.1,34.2,29.1,23.6,17.9,14.9,13.1,12.1
7s_Jd,FALSE,FALSE,FALSE,50.7,35.9,25.1,20.1,16.8,14.3,13.8,12.4
4d_Ad,FALSE,TRUE,FALSE,59.1,44.7,33.8,28.6,25.1,21.5,20.7,17.9
4c_Qs,FALSE,FALSE,FALSE,53.2,33.3,24,19.7,16.5,12.9,9.9,10
6s_Qh,FALSE,FALSE,FALSE,54.9,33.1,24,20.2,14.7,11.5,14.6,12.2
7d_Tc,FALSE,FALSE,FALSE,47.7,32.7,26,19.8,17.9,14.9,11.4,12.9
2s_5d,FALSE,FALSE,FALSE,38.2,25.7,18.6,13.5,11.1,11.1,10.4,7.6
5d_Qs,FALSE,FALSE,FALSE,53.4,34.5,26.8,18.8,16.1,15.2,12.6,12
5c_Tc,FALSE,TRUE,FALSE,50.1,33.1,22.8,22.6,19.5,16.5,13.6,13.4
5s_6h,FALSE,FALSE,TRUE,47.1,29.9,22.2,17.5,15.3,13.1,10.6,11.8
7s_9h,FALSE,FALSE,FALSE,49.5,34.2,26,21.2,18.6,15,12.7,10.4
Td_Qs,FALSE,FALSE,FALSE,60.6,39.7,31.6,28,24.3,22.5,18.2,17.4
6d_Tc,FALSE,FALSE,FALSE,49.4,32,22.3,19.7,15.7,14.2,13.5,9.5
3d_6s,FALSE,FALSE,FALSE,41.1,27.4,16.6,13.3,12.3,10.9,8.6,8.7
9c_9h,TRUE,FALSE,FALSE,73.7,51.9,42.2,35.4,25.7,24.2,20.2,19.6
Tc_Ac,FALSE,TRUE,FALSE,66.7,46.6,39.9,34.1,29,26.6,21.5,21.1
7c_Ah,FALSE,FALSE,FALSE,60.4,42.8,32.4,26.7,23.2,18.8,17,13.7
5s_Jh,FALSE,FALSE,FALSE,50.7,29.6,22.5,17.2,17.1,14.8,11.5,10.1
2c_6h,FALSE,FALSE,FALSE,38.8,23.8,17.3,14,10.4,9.2,7.1,8.9
5d_9s,FALSE,FALSE,FALSE,46.1,32.2,23.3,16.9,13.8,11.4,10.3,9.4
5c_7d,FALSE,FALSE,FALSE,46.3,31.6,20.4,18.6,15.7,11.9,12.4,8.7
3c_4s,FALSE,FALSE,TRUE,40,25.2,19.5,15.8,12.6,9.8,8.9,7.7
2h_4d,FALSE,FALSE,FALSE,39.3,21.4,15.8,12.7,12.7,9.5,8.4,6.2
Tc_Js,FALSE,FALSE,TRUE,57.6,41.3,32.7,29.1,23.7,20.3,17.9,15.1
Jh_Ac,FALSE,FALSE,FALSE,64.2,47.1,37.7,30.5,24.3,23.2,18.8,18.4
2h_3s,FALSE,FALSE,TRUE,36.2,21.4,14,12.7,11.2,8.4,8.2,8.7
4d_Js,FALSE,FALSE,FALSE,48.8,31.4,22.4,18.2,14.7,13.1,10.8,9.6
3d_Qd,FALSE,TRUE,FALSE,51.9,33.5,27.7,24.6,21.7,19.1,13.8,15.8
4h_Js,FALSE,FALSE,FALSE,51.7,30,21.6,20.4,11.9,14.1,12.6,8.9
7s_Kd,FALSE,FALSE,FALSE,58.4,37.4,28.4,22.7,21,14.9,14.6,14.2
8c_Jd,FALSE,FALSE,FALSE,56.6,36.8,28.1,21.3,18.2,17.7,13.5,12.6
8c_Ts,FALSE,FALSE,FALSE,53.7,39.5,26.2,23.4,19.6,15,14.8,14
Td_Qd,FALSE,TRUE,FALSE,63.3,44.7,36.6,32.3,26.4,23.5,23.3,21.4
4h_8s,FALSE,FALSE,FALSE,41.2,29.6,20.6,15.8,11,11.1,9.9,8.7
6d_Qs,FALSE,FALSE,FALSE,51.4,36.1,24.2,20.5,15.5,13.9,13.2,10.2
7h_Td,FALSE,FALSE,FALSE,49.2,31.9,27.5,20.1,18.2,15.4,13.8,10.6
Ad_Ah,TRUE,FALSE,FALSE,85.7,71.8,65.4,56.9,51.6,43.7,38.8,34.8
6c_Qh,FALSE,FALSE,FALSE,56.7,32.8,26.8,21.1,18.5,14,10.6,10.8
8d_Ts,FALSE,FALSE,FALSE,51.7,34,27.9,22.8,18.9,16.4,12.8,12.1
5c_5h,TRUE,FALSE,FALSE,58.5,43.6,28.9,22,21.3,19.1,15.8,15.5
7c_Kh,FALSE,FALSE,FALSE,57.5,37.8,29.1,23.1,18.4,17.9,14.9,13.5
3c_7s,FALSE,FALSE,FALSE,42.4,27.7,17.2,14.2,11.8,10.5,9.3,8
9h_Qs,FALSE,FALSE,FALSE,57.3,39.9,30.6,23.1,20.6,17.7,15.4,14.5
8c_9d,FALSE,FALSE,TRUE,49.3,35.5,26.2,23.5,21.9,15.1,14.3,11.8
4h_Ad,FALSE,FALSE,FALSE,60,40,29.7,24,20.8,18.8,14.5,13.8
Jc_Jd,TRUE,FALSE,FALSE,77.5,63.7,49,40.5,35.2,28.1,27.2,21.8
5d_Kh,FALSE,FALSE,FALSE,56.3,39.4,25.1,22.9,17.7,14.4,13.1,11.2
5s_Qs,FALSE,TRUE,FALSE,59.1,38.9,31,23.7,20.2,17.7,16.9,14.7
5d_Jc,FALSE,FALSE,FALSE,50.5,32.6,21.9,19.6,15,11.6,11.7,11.4
5h_8s,FALSE,FALSE,FALSE,44.5,27.7,21.6,18,13.7,14.5,11.1,9.2
7h_Ac,FALSE,FALSE,FALSE,60.5,40.5,32.4,23.9,21.4,20.7,16.7,13.4
4d_6s,FALSE,FALSE,FALSE,45.9,27.3,23.1,17.8,14.5,12.8,9.6,9.2
6c_7d,FALSE,FALSE,TRUE,47.4,33,21.8,17.5,14.8,12.2,12.8,10.8
3h_Qd,FALSE,FALSE,FALSE,52.4,30.8,23.4,17.4,15.7,11,11.3,10.4
7c_Js,FALSE,FALSE,FALSE,55.3,36.8,25.5,20.5,16.2,14.5,13.3,10.1
6c_6h,TRUE,FALSE,FALSE,63.4,42.1,32.6,27,22,17.6,17.8,13.4
6s_Js,FALSE,TRUE,FALSE,49.6,35.8,27.9,21.9,20.8,16.5,15.4,13.7
7c_7s,TRUE,FALSE,FALSE,69,47.3,37,30.6,23.3,18.5,16.9,15
8s_9s,FALSE,TRUE,TRUE,52.3,38.3,29.5,25.4,21.6,18.1,18.3,16.4
8c_Jc,FALSE,TRUE,FALSE,54.4,39.1,30.2,27.5,23.9,19,17.7,16.5
4h_Qd,FALSE,FALSE,FALSE,52.7,30.4,22.5,19.8,15.4,13,13.3,9.6
5s_Ac,FALSE,FALSE,FALSE,59.5,42.2,32.7,25.3,23.5,17.9,15.6,15.6
2d_Ah,FALSE,FALSE,TRUE,55.6,36.7,29.1,24.2,18.6,16.6,14.1,13.5
2c_5d,FALSE,FALSE,FALSE,42,24.9,17.9,13.6,10,9.4,8.2,7.6
6h_Jh,FALSE,TRUE,FALSE,55.2,35.4,26.7,23.3,20.5,18,16.2,13.8
7s_Ad,FALSE,FALSE,FALSE,60.9,44.2,31.4,24.5,20.3,20.5,19.3,13.7
8s_9h,FALSE,FALSE,TRUE,49.1,32.4,27.4,23.6,16.6,17,13.7,12.6
Qc_Qs,TRUE,FALSE,FALSE,79.8,65.1,53.4,44.3,37.2,31.7,29.3,23.9
5d_7s,FALSE,FALSE,FALSE,45,29.5,20,18.2,14.9,10.9,10,12
5h_Tc,FALSE,FALSE,FALSE,47.6,30.3,21.6,15.5,15,11.2,11.1,9.3
2c_6d,FALSE,FALSE,FALSE,41.4,24,15.7,14.6,11.3,10.2,9.6,7
2d_4s,FALSE,FALSE,FALSE,38.4,23.3,16.7,14,11.5,10.3,8.3,7.7
8c_Qd,FALSE,FALSE,FALSE,54.7,36.8,30.3,25.2,19.1,15.7,13.9,11.5
5h_Kd,FALSE,FALSE,FALSE,53.8,33.9,27.6,19.1,16.7,16.3,14.3,12.6
9d_Jc,FALSE,FALSE,FALSE,55.9,38.3,30.1,24.3,18.6,16.3,14.4,14
3d_Kh,FALSE,FALSE,FALSE,52,36.2,24.5,21.8,17.2,14.8,13.5,10.1
4d_8d,FALSE,TRUE,FALSE,47,31.4,22.6,19.5,16.7,15.8,15,13.6
4d_Ks,FALSE,FALSE,FALSE,54.1,37.4,27.3,23.6,18.6,14.7,13.1,13.5
Jh_Kd,FALSE,FALSE,FALSE,62.4,43.6,36.1,27.6,26.5,23.3,21.2,18.1
2h_Ks,FALSE,FALSE,FALSE,54.6,35.2,24,20.3,15.5,14.9,12.7,10.7
6c_9c,FALSE,TRUE,FALSE,52.3,33.8,26,25.3,19.2,20.2,14,13.8
4h_7s,FALSE,FALSE,FALSE,45.9,27.8,20.2,15,13.3,9.6,9.6,10.6
2s_Ks,FALSE,TRUE,FALSE,56.6,37.6,28.8,23.1,22.2,17.2,17.7,15.5
7s_Ac,FALSE,FALSE,FALSE,60.7,42.1,32,26.5,19.7,17.7,15.7,13.8
Th_Jd,FALSE,FALSE,TRUE,57.9,43.5,31.1,29.9,22.8,21.1,19.5,17.4
8s_Ks,FALSE,TRUE,FALSE,58.9,41.9,34,29.8,24.6,20.6,18.4,17.1
6s_9c,FALSE,FALSE,FALSE,45.2,29.5,24.3,19.2,15.5,11.5,11.9,9.7
Qc_Kc,FALSE,TRUE,TRUE,64.5,48,40.1,34.6,28.4,27.2,22.8,21.8
Qd_Qs,TRUE,FALSE,FALSE,80,63.1,53.7,46.4,37.7,31.5,29.9,23.7
6c_6d,TRUE,FALSE,FALSE,64.8,44.1,33.4,22.9,21.1,17.1,16.9,15.6
7h_Kd,FALSE,FALSE,FALSE,59.6,40.2,31,22.7,19.3,14.5,13.5,13.2
5s_7c,FALSE,FALSE,FALSE,45.4,26.6,22,17.9,14.4,13.7,11.9,11.2
Jc_Ad,FALSE,FALSE,FALSE,61.4,51.4,38.6,31.9,24.2,22.6,19,17.5
2h_7s,FALSE,FALSE,FALSE,38.1,22.8,16.7,12.4,11.4,9.6,7.4,6.6
4c_7s,FALSE,FALSE,FALSE,43.6,27.4,20.8,16.5,11.5,10,11.1,9.2
4c_5c,FALSE,TRUE,TRUE,45.2,30.6,24.6,21.6,18.8,15.4,15.1,13.1
3c_5s,FALSE,FALSE,FALSE,39,26.9,18.1,16.8,14.4,11.3,9.9,10.4
3s_9s,FALSE,TRUE,FALSE,46,33.2,23.4,19.7,17.2,15.1,12.2,10.1
2d_As,FALSE,FALSE,TRUE,59.2,38.6,29.4,24,18.3,16.9,14.9,12.4
9s_Ts,FALSE,TRUE,TRUE,56.3,39.3,32,28.4,22,21,19.5,18.3
6c_8h,FALSE,FALSE,FALSE,45.9,29.9,24.4,17.6,14.7,13.2,12.9,12.7
4c_5d,FALSE,FALSE,TRUE,45.1,31.8,21,18.1,14.9,11.6,12.4,9.1
Td_Kd,FALSE,TRUE,FALSE,61.8,47,37.9,33.4,27.1,25.8,21.3,22.9
2c_9d,FALSE,FALSE,FALSE,42.1,27.1,18.6,13.3,13.3,9.8,9.7,7.1
6c_8d,FALSE,FALSE,FALSE,49.8,31.4,24.7,19.3,16.1,13,12.4,9.3
2c_7d,FALSE,FALSE,FALSE,39.2,23.3,15.6,13.9,10.4,8.9,8.7,7
Ts_Qd,FALSE,FALSE,FALSE,59.6,40,34.6,26.3,24.7,20.8,17.9,15.5
Js_Kh,FALSE,FALSE,FALSE,64.5,44.6,35.2,28,25.9,21.4,19.9,18.2
2d_9c,FALSE,FALSE,FALSE,40.4,25.9,17.7,14.9,11,9.4,8.7,7.5
2c_Qc,FALSE,TRUE,FALSE,54.1,34.7,25.7,21.8,19.3,16.6,13.5,14.8
2d_Jd,FALSE,TRUE,FALSE,50.9,35.7,27.9,19.2,16.9,13.8,14.2,12.7
Tc_Kd,FALSE,FALSE,FALSE,64.1,45.7,33.8,26.5,22.4,20.9,18.4,16.4
7d_8d,FALSE,TRUE,TRUE,54.2,37.9,31.5,24.6,21.1,18.7,16.2,15.7
2c_Ac,FALSE,TRUE,TRUE,62.3,39.7,31,27.7,24.9,22.3,18.8,16.7
3h_Ac,FALSE,FALSE,FALSE,60,42.4,31.8,24.4,21.5,17.7,17.9,14.7
2s_Jh,FALSE,FALSE,FALSE,47.6,30.4,23.3,17.6,12.2,9.7,9.7,8.2
6d_7h,FALSE,FALSE,TRUE,47.4,32.1,23.7,20.3,17.6,14.4,12.7,10.5
3s_Jc,FALSE,FALSE,FALSE,47.4,28.9,23.1,15.8,12.9,9.9,8.9,9.2
5d_Jh,FALSE,FALSE,FALSE,53,33.6,23.6,19.2,14.7,13.7,13.5,9.4
2s_Td,FALSE,FALSE,FALSE,42.9,30.1,18.6,16.6,13.4,11.3,9.5,8.9
9d_As,FALSE,FALSE,FALSE,62.2,44.5,34.9,26,23,18.5,16.1,16.5
Qh_Ad,FALSE,FALSE,FALSE,66.5,47.4,36.9,30.7,28,24.6,23.1,18.7
9s_Kc,FALSE,FALSE,FALSE,57.3,39.4,32,25.4,18.4,18.4,16.5,15.2
7h_8d,FALSE,FALSE,TRUE,49.4,32.9,26.3,21.9,15.5,15.3,13,10.7
3c_5h,FALSE,FALSE,FALSE,43.4,28.4,22.3,17.9,13.9,12.4,10.2,9.2
9h_Qd,FALSE,FALSE,FALSE,58.1,39.6,26.9,24.8,20.3,16,15.4,15.1
3d_3s,TRUE,FALSE,FALSE,52.9,35.7,25.9,20,17.1,13.9,12.8,12.5
4h_6s,FALSE,FALSE,FALSE,44.3,31,19.8,15.7,15,12.1,12.3,11.2
Kc_Kh,TRUE,FALSE,FALSE,82.1,66.9,59.2,52.2,44.1,37.4,34.4,30.8
7h_Jh,FALSE,TRUE,FALSE,58.1,38.1,30.3,24.1,22.1,19.1,17.4,13.7
6s_Ac,FALSE,FALSE,FALSE,58.6,40.2,29.8,22.5,20,17.6,15,12.4
7d_Ac,FALSE,FALSE,FALSE,63.7,40.8,31.3,27.3,20.5,18.6,17.2,14.6
3d_5h,FALSE,FALSE,FALSE,42.8,26.5,19.1,16.1,12.4,10.8,9.7,9.2
2h_8s,FALSE,FALSE,FALSE,40.4,26.4,16.1,13.7,11.3,8.3,6.6,8.2
6c_9h,FALSE,FALSE,FALSE,50.4,32.2,21.8,20.9,15.1,12.5,11.3,10.5
5d_5s,TRUE,FALSE,FALSE,63.3,43.8,31.7,23.9,20.8,16.3,16.2,14.8
8d_8s,TRUE,FALSE,FALSE,70.4,50.2,41.2,30,23.1,20.8,18,16.9
Kd_Ks,TRUE,FALSE,FALSE,82.7,71,58,48.5,42.3,36.7,31.1,27.4
6c_Qc,FALSE,TRUE,FALSE,56.2,37.6,27.8,25.2,17.9,17.5,15,15.2
5c_6c,FALSE,TRUE,TRUE,47.6,33.7,25.5,20.1,18.8,17.2,15.2,14.2
Tc_Jh,FALSE,FALSE,TRUE,56.3,39.8,32.6,26,21.8,21,17.1,16.1
5c_5d,TRUE,FALSE,FALSE,63.9,42.6,29.3,22.5,20.2,17.3,14.8,14.6
3s_6c,FALSE,FALSE,FALSE,41.7,28.1,20.4,13.6,10.9,12.7,9.5,9
8c_Jh,FALSE,FALSE,FALSE,54.4,37,29.5,20.5,17.9,14.6,14.3,12.8
Tc_Kh,FALSE,FALSE,FALSE,62.9,42.6,34.5,29.3,24.7,22.5,19.5,17.9
Jh_Qc,FALSE,FALSE,TRUE,59.4,41.2,35.8,26.3,21.5,21.6,17.9,17.7
6s_As,FALSE,TRUE,FALSE,59.9,46.7,34.8,30.2,27.6,23.2,19.3,17.1
6s_7d,FALSE,FALSE,TRUE,46.9,33.1,24.4,18.4,15.9,12.9,13.6,11.8
8d_As,FALSE,FALSE,FALSE,63.2,41.6,32.8,25.8,19.2,19,16.4,13.8
Qs_Kc,FALSE,FALSE,TRUE,66.5,45.4,35.5,34.6,28.2,21.7,18.6,19.1
3s_Qh,FALSE,FALSE,FALSE,52.1,28.9,24,17.3,12.7,11.9,13,10.2
8d_Th,FALSE,FALSE,FALSE,50.5,35.3,30.5,21.1,19.9,15.3,12.8,13.7
8h_9h,FALSE,TRUE,TRUE,54.5,40.7,31,24.6,22.8,18,19.3,14.9
2h_6d,FALSE,FALSE,FALSE,39.8,22.6,17.2,12.3,9.6,8,8.5,6.9
2s_8h,FALSE,FALSE,FALSE,39.7,26,18.6,14.5,11.2,10.5,6.8,8.1
3s_7c,FALSE,FALSE,FALSE,44.1,27.4,19.7,15.5,11.6,9.7,8.6,8.3
6c_Td,FALSE,FALSE,FALSE,49.5,31.5,25.4,17,16,13.8,14.3,11.3
6h_7d,FALSE,FALSE,TRUE,47.2,31,23.5,20.8,16.3,15.7,13.2,10.6
Ts_Ad,FALSE,FALSE,FALSE,65.4,44.8,38.2,26.3,26,18.2,18.7,18.7
2d_5h,FALSE,FALSE,FALSE,41.7,26.2,19.6,14.8,12,10.2,9.6,8.5
2c_7s,FALSE,FALSE,FALSE,39.1,25.2,16.3,11.9,11.2,9.4,8.5,7.1
Qs_Kh,FALSE,FALSE,TRUE,61.6,46.3,38.1,28.4,26.4,22,20.6,18
3s_5d,FALSE,FALSE,FALSE,42.1,27.1,20.4,14.2,14.3,12.9,8.3,8.1
3h_Tc,FALSE,FALSE,FALSE,46.5,28.6,17.6,17.9,13,11.3,8.3,8.9
2s_Qd,FALSE,FALSE,FALSE,51.6,31,22.9,20.3,14.5,13.3,10.1,9.9
5h_7s,FALSE,FALSE,FALSE,44.8,28.9,23.5,18,13.7,12.1,11.2,11.5
4c_9c,FALSE,TRUE,FALSE,48.3,32.5,26.7,19.5,16,15.2,13.5,11.6
3h_As,FALSE,FALSE,FALSE,59.7,40.3,31.5,24.1,21.5,19.5,14.2,14.4
4d_5c,FALSE,FALSE,TRUE,42.2,27,22.6,17,15.6,11.7,12,9.6
2d_7c,FALSE,FALSE,FALSE,39.8,25.7,15.5,12.4,12.1,8.9,8.2,6.5
Ad_As,TRUE,FALSE,FALSE,86.9,71.3,64,56.3,46.9,44.3,39.9,37.5
7c_Ts,FALSE,FALSE,FALSE,50.9,34.7,26,19.9,17.6,15.6,14.1,14.1
5c_9h,FALSE,FALSE,FALSE,48.5,28.7,20.3,18.1,13.5,11.2,10,10.6
Ts_Jd,FALSE,FALSE,TRUE,59,39.1,31.4,27,25.3,20.3,17.1,17.6
7h_Kc,FALSE,FALSE,FALSE,59.4,38.2,29.8,21.8,19.3,15.2,15.1,13
8s_Th,FALSE,FALSE,FALSE,54.6,35.5,30.8,23.7,17.8,16.8,14,11.3
2s_8d,FALSE,FALSE,FALSE,40.1,24.7,15.8,13.7,9.9,10.7,9.1,6.3
9c_Ad,FALSE,FALSE,FALSE,65.6,44.6,33.4,28.3,22.6,18.3,16.4,16.8
2d_Ac,FALSE,FALSE,TRUE,56.5,39.6,26.3,22.2,19,18.3,16.3,14.6
7c_9h,FALSE,FALSE,FALSE,49.1,33.9,25.1,20.9,17.5,15.8,12.7,10.3
6h_6s,TRUE,FALSE,FALSE,67,42.5,32.5,24.3,24.1,20.5,16,16.2
7s_Td,FALSE,FALSE,FALSE,51.4,32.9,24.3,21.5,19.9,14.2,15,11.6
7h_Ad,FALSE,FALSE,FALSE,61.3,42.8,28.4,26.2,22.9,19.7,17.1,15.7
5h_8c,FALSE,FALSE,FALSE,46.7,29.7,21.6,15,15.6,14.5,10.6,10.6
8d_Kd,FALSE,TRUE,FALSE,59.4,42.3,31.5,26.6,22.7,21.4,16.5,16.8
2d_Qh,FALSE,FALSE,FALSE,47.2,30.4,23.1,17.5,14.3,13.1,10.3,10.5
6h_Js,FALSE,FALSE,FALSE,50.7,33.1,24.5,18.1,12.9,13.2,11.5,11.4
8d_9d,FALSE,TRUE,TRUE,55,39.8,28.9,24,22.1,20.2,17.9,15.8
3d_Jc,FALSE,FALSE,FALSE,47,32,21.3,16.1,14.9,10.9,11.5,10.4
2c_Td,FALSE,FALSE,FALSE,45.9,29.4,17.7,14.5,11.7,11.4,10.4,7.8
4h_Jh,FALSE,TRUE,FALSE,51.9,33.1,28,21.7,18.5,15.4,14.9,13
5h_Js,FALSE,FALSE,FALSE,50.3,35.7,24.1,20.5,14.8,11.5,12.1,9.2
8c_Kh,FALSE,FALSE,FALSE,57.5,40.3,27,23,18.9,16.5,14.7,12.9
3d_5s,FALSE,FALSE,FALSE,42.1,28,21.3,17.7,13.6,11.6,11.7,9.5
2h_Kh,FALSE,TRUE,FALSE,57.3,38,27.3,27,21.4,18.1,16.7,15.5
Tc_As,FALSE,FALSE,FALSE,65.5,44.6,37.7,30.3,25.5,20.2,20.6,16.9
5d_9h,FALSE,FALSE,FALSE,47,32.5,22.2,18.1,12,12.3,9.6,7.8
3h_Kc,FALSE,FALSE,FALSE,50.6,36.6,25.2,19.2,17.6,13.7,13.2,10.4
4d_Td,FALSE,TRUE,FALSE,52,35,25.7,21.9,18.4,16.6,16.6,11.8
4h_9c,FALSE,FALSE,FALSE,44.9,25.7,19.2,15.2,13.1,9.7,9.6,7.7
3h_Js,FALSE,FALSE,FALSE,50.4,32.9,23,15.8,13.1,13,11.7,9.9
6c_9s,FALSE,FALSE,FALSE,47.5,32.1,23.3,20.2,16.4,14.2,11.1,10.7
Ts_Ah,FALSE,FALSE,FALSE,64.4,44.9,33.8,27.5,27.2,21.8,20.2,16.6
2s_Th,FALSE,FALSE,FALSE,42.7,27.5,21.1,15.6,14.1,10.6,10.8,7.2
9d_Qs,FALSE,FALSE,FALSE,55,39.9,32.1,24.6,23.1,17.6,16.4,16.9
3d_7c,FALSE,FALSE,FALSE,40.5,27.2,19.4,15.2,12.1,9.1,8.8,5.9
6d_8s,FALSE,FALSE,FALSE,49.2,33.8,21.4,17.3,12.8,14,12.6,10.4
2s_5s,FALSE,TRUE,FALSE,41.1,28.6,20.3,18.4,16.8,15.4,11.6,12.2
7h_Th,FALSE,TRUE,FALSE,52.2,34.9,28.1,24.3,21.8,18.3,17.6,14
9s_Kd,FALSE,FALSE,FALSE,60.9,43.2,31.5,24.9,20.5,19.5,16.9,16.2
2h_Jh,FALSE,TRUE,FALSE,50.7,31.9,24.9,19.7,17.8,16.4,15.4,11.1
6d_Ts,FALSE,FALSE,FALSE,50.7,30.5,24.4,18.7,13.8,12.5,11.8,10.4
9s_Jc,FALSE,FALSE,FALSE,53.3,36.7,28.4,23.8,20.2,17.2,16.1,14.8
Kd_Ad,FALSE,TRUE,TRUE,68.6,51,43.3,36.3,34.3,27.5,24.7,23.5
9h_Jc,FALSE,FALSE,FALSE,52.3,39.4,29.5,25,21.2,17.3,16.6,15.1
9s_Ks,FALSE,TRUE,FALSE,63,47.1,36,27.9,24.2,20.6,20.3,17
6d_Js,FALSE,FALSE,FALSE,48.6,32.7,22,17.5,15.3,12.7,11,8.6
5s_9h,FALSE,FALSE,FALSE,44.6,29.3,20.5,18.1,14.4,10.2,10,7.9
3s_6s,FALSE,TRUE,FALSE,44.6,29.8,22.8,19,17.5,13.5,13,11.6
Th_Ac,FALSE,FALSE,FALSE,64.2,45.1,37.7,29.9,24.8,22.5,17.6,16.8
6h_8d,FALSE,FALSE,FALSE,47.5,31.7,22.7,21.8,15.4,12.8,12.8,11.1
5h_7c,FALSE,FALSE,FALSE,44.3,29.5,23.8,16.6,15.3,11.9,12.1,8.6
2d_8h,FALSE,FALSE,FALSE,42,23.7,19.2,14.2,9.4,7.8,9.2,7.4
6h_7h,FALSE,TRUE,TRUE,50.9,35.7,27.1,23.1,20.1,16.9,17.4,14.3
7c_Tc,FALSE,TRUE,FALSE,53.4,36.5,27.4,24.4,21.7,19.3,16.4,15.8
2h_Ah,FALSE,TRUE,TRUE,60,39.3,32.8,26.6,24.4,23.8,18.5,17.6
3c_Ah,FALSE,FALSE,FALSE,59.1,40.6,31.2,23.9,19.8,18,14.3,12.1
2d_Ts,FALSE,FALSE,FALSE,46.2,29.4,18.5,13.2,13,9.2,8.9,9.6
2s_8s,FALSE,TRUE,FALSE,42.4,27.2,20.4,18.7,16.1,12.2,12.1,11
Jd_As,FALSE,FALSE,FALSE,65.9,46.8,34.9,31.5,26,24.5,19.6,18.1
5s_7d,FALSE,FALSE,FALSE,48.6,31.3,24.8,17.5,14.3,10.3,11.7,8.2
3c_Qd,FALSE,FALSE,FALSE,49.7,34,23.2,19.8,13.9,13.6,10.7,10.9
4s_5s,FALSE,TRUE,TRUE,48.9,30,23.6,22.5,16.2,13.6,13.9,15.9
3s_4s,FALSE,TRUE,TRUE,45,29.2,23,16.5,16.2,16.4,13,12.2
7d_Ah,FALSE,FALSE,FALSE,61.8,40.4,30.4,26.3,20.9,17.9,14.6,14.1
3c_Qs,FALSE,FALSE,FALSE,52.1,30.4,23.8,20.5,17.3,13.2,12.3,10.1
8s_Ad,FALSE,FALSE,FALSE,63.1,46.3,31.8,28,22.8,18.8,18.1,14.2
4s_6s,FALSE,TRUE,FALSE,47.1,30.6,24.4,19.2,16.4,15.9,14.4,14.5
6c_Jd,FALSE,FALSE,FALSE,49.5,31.1,23.4,18.1,15.7,14.5,11.7,10.1
3h_6h,FALSE,TRUE,FALSE,44.3,27.6,25.1,20.1,14.7,14.4,14.5,11.8
Jd_Jh,TRUE,FALSE,FALSE,80.9,58.4,51,42.2,35,28.7,25.5,20
9c_Tc,FALSE,TRUE,TRUE,57.9,41.3,36.2,29.4,24.5,22.8,20.6,17.8
2c_7c,FALSE,TRUE,FALSE,45.6,28.8,21.5,18,13.6,11.9,12.1,11.5
5s_8c,FALSE,FALSE,FALSE,46.4,33.2,21.7,20.3,14.6,10.7,11.6,9
3c_Kh,FALSE,FALSE,FALSE,53.4,36.9,26,23.7,16.4,14.4,12.9,12.7
7d_Qh,FALSE,FALSE,FALSE,54.5,36.1,28.1,21.3,16.8,13.7,11.8,10.6
6s_Qs,FALSE,TRUE,FALSE,56.5,37.9,27.9,26.1,23.1,18.9,15.3,15.9
6d_Kh,FALSE,FALSE,FALSE,56.7,38.6,26.3,24.8,18.6,15.9,12.1,12.6
8s_9c,FALSE,FALSE,TRUE,52.1,34.5,29.4,22.5,17.5,18.4,13.7,11.5
Th_Kd,FALSE,FALSE,FALSE,59.7,44.6,32.6,30.8,26.3,20.6,16.4,15.1
Tc_Ad,FALSE,FALSE,FALSE,62.6,44.8,34.5,30.1,23,23.7,19.6,16.3
7h_9h,FALSE,TRUE,FALSE,54.4,38.7,29,22.5,21.9,18.4,17.9,13.2
8s_Ah,FALSE,FALSE,FALSE,62.2,41.7,33.6,24,24.3,18.5,17.9,12.6
Td_Th,TRUE,FALSE,FALSE,73.9,56.5,44.5,37.5,31,26.7,22.1,20.9
Qc_Ks,FALSE,FALSE,TRUE,61.3,41.9,37.4,30.7,24.1,24.9,19.4,18.4
9s_Ad,FALSE,FALSE,FALSE,61.8,44.8,34.6,27.4,23.8,18.3,18.4,15.7
8s_Qh,FALSE,FALSE,FALSE,55.7,36.8,27.8,23.3,19.8,16.4,14.4,11.5
6d_9s,FALSE,FALSE,FALSE,48.6,32.3,24.6,19.7,17.4,11.9,11.5,10.7
3d_Qs,FALSE,FALSE,FALSE,50.5,33.4,23.9,19.7,14.8,15.1,10.3,8.3
3s_4d,FALSE,FALSE,TRUE,44.4,25.6,18.1,14.6,10.5,9.1,11.2,9.6
2h_Tc,FALSE,FALSE,FALSE,47.7,26.3,19.8,14,13,10.6,10.6,8.3
5d_8h,FALSE,FALSE,FALSE,43.2,32.1,19.9,18.1,16.1,13.3,11.3,9.3
7d_Qs,FALSE,FALSE,FALSE,52.5,35.3,24,20.1,19.1,14.7,12.4,11.6
5h_Qs,FALSE,FALSE,FALSE,53.5,36.6,25.6,21.2,17.2,14.9,15.4,12.5
4s_8c,FALSE,FALSE,FALSE,44.4,28.2,21.9,14.6,13.9,10,11.1,8.4
2h_Qd,FALSE,FALSE,FALSE,50.4,32.9,24.1,20.3,15.5,12,10,10.2
9d_Qd,FALSE,TRUE,FALSE,60.1,40.4,29.5,30.2,25.3,20.9,19.7,18.4
4h_6h,FALSE,TRUE,FALSE,44.9,31.8,26.1,17.7,17.9,15.6,15.1,13.5
6d_Th,FALSE,FALSE,FALSE,48.7,32.7,23.9,17,16.4,13.1,11.6,11.1
Ts_Qs,FALSE,TRUE,FALSE,60.7,43.1,38.1,30,26.1,24.5,23.5,20.4
3c_3d,TRUE,FALSE,FALSE,57.2,36.2,26.4,17.8,17.7,16,13.4,13.9
2h_4s,FALSE,FALSE,FALSE,37.6,24.4,17.1,14.9,10.2,9.3,8,8.1
3h_6d,FALSE,FALSE,FALSE,43.8,23.3,17.9,15.8,11.7,10.9,8.6,8.2
7h_Ah,FALSE,TRUE,FALSE,64.6,44.8,33.9,30.1,24.1,24.2,19.3,16.8
Qd_Ad,FALSE,TRUE,FALSE,65.7,51.3,41,35.3,31.4,28.3,24.7,21.2
9s_Kh,FALSE,FALSE,FALSE,58.2,41.9,34.2,24.6,19,18.3,16.4,14
4s_6h,FALSE,FALSE,FALSE,42.4,28.8,20.9,16.6,12.4,12.9,11.8,9
3d_Ac,FALSE,FALSE,FALSE,54.4,39.9,30.4,23.5,21.6,17.2,16.5,14.6
3h_Td,FALSE,FALSE,FALSE,46.6,28,21,18.3,12.8,11,9.9,9.9
6h_Qc,FALSE,FALSE,FALSE,52.8,35.8,28.7,18.9,18,14.5,15.7,10.7
9h_Td,FALSE,FALSE,TRUE,55,36.6,28.7,23.5,19.3,17.5,16.3,12.8
Qh_Ah,FALSE,TRUE,FALSE,68.2,49.5,40.7,36.3,31.6,29.1,25.1,20.9
2d_9d,FALSE,TRUE,FALSE,46.6,28.5,25.6,19.2,15.1,12.5,12.5,10.5
6c_8s,FALSE,FALSE,FALSE,46.3,31.2,24.9,19.8,16.4,13.7,12.3,10.7
2s_9h,FALSE,FALSE,FALSE,41.5,24.5,19.2,15.1,12.2,10.6,9.5,7.3
Jd_Js,TRUE,FALSE,FALSE,77.7,62.4,49.9,41.6,32.8,26,25.8,20.3
7h_Qc,FALSE,FALSE,FALSE,56.5,36.7,24.8,20,15.6,15.3,13.4,10.5
4c_6s,FALSE,FALSE,FALSE,42.5,28.3,20.9,15.3,16.8,11.4,11.8,10.5
5c_9c,FALSE,TRUE,FALSE,49.7,34,25.3,18.4,17.4,14.1,13,12.4
2c_3h,FALSE,FALSE,TRUE,36.9,22.4,16.1,11.5,9.3,9.4,7,6.3
3s_Ac,FALSE,FALSE,FALSE,59,37.7,30.2,21.9,21.3,18.4,15.3,13.5
6s_Tc,FALSE,FALSE,FALSE,50.2,32,23.4,17.9,15.9,13.9,10.9,9
4c_Ah,FALSE,FALSE,FALSE,58,40.6,31.2,25.7,18.9,19.2,14.2,14.6
4c_Ad,FALSE,FALSE,FALSE,59.6,40.5,29.1,24.3,22.6,21.7,15.1,15.5
5d_9c,FALSE,FALSE,FALSE,46.4,29.4,21.5,17.8,15.4,9.8,11.1,8.7
6d_6s,TRUE,FALSE,FALSE,63.9,41.6,35.8,24.9,20.4,18.8,14.3,15.3
Qd_Ac,FALSE,FALSE,FALSE,65.8,48,36.2,31.8,28.1,23.8,21.4,17.5
4d_4h,TRUE,FALSE,FALSE,59.8,37,25.6,23.4,17.7,13.7,14.9,14
7d_Qd,FALSE,TRUE,FALSE,54.5,39.1,28.6,25.8,22.6,19.5,17.2,13.7
Th_Ad,FALSE,FALSE,FALSE,63.4,46.2,34.7,29,26.4,21.8,18.4,16.5
5d_Ac,FALSE,FALSE,FALSE,59.8,41.3,31.3,26.2,20.2,17,17.8,13.6
6d_Ac,FALSE,FALSE,FALSE,58.3,39.5,31.1,25.5,20.5,19.9,14.5,16.1
Ks_Ad,FALSE,FALSE,TRUE,69.4,46.4,39.4,32.7,30.4,24.4,24,17.1
Tc_Kc,FALSE,TRUE,FALSE,64.6,44.2,37.2,31.7,27.6,23.3,23.1,18.8
2h_Ad,FALSE,FALSE,TRUE,60,38.5,29,22.2,19.5,16.8,13.5,13.3
7s_Qh,FALSE,FALSE,FALSE,54,35.5,27.6,21.6,17.2,15.4,13,10.5
4h_Tc,FALSE,FALSE,FALSE,48.7,31.7,22.5,15.4,13.9,10.5,10.9,9
6h_Qd,FALSE,FALSE,FALSE,53.2,34.4,26.8,20.9,15.1,16,11,11.7
8c_8h,TRUE,FALSE,FALSE,68.9,51.5,41,29.1,24.3,21,17.4,12.5
2d_6h,FALSE,FALSE,FALSE,39.3,24.3,18.2,14.2,11,10.2,8.1,8.2
6d_9c,FALSE,FALSE,FALSE,46.8,31.4,23.5,19.2,16.6,12.5,11.1,11.2
2h_7c,FALSE,FALSE,FALSE,37.6,25.4,14.2,12.5,10.5,8.9,7.5,7.5
7s_Js,FALSE,TRUE,FALSE,51,38.2,27.4,25.9,20.8,17.6,16.9,14.8
4c_Qc,FALSE,TRUE,FALSE,54.1,36.5,27.4,24,19.3,16.1,16.1,14.2
7s_Qs,FALSE,TRUE,FALSE,58.3,37.3,29.2,26.3,21.2,19.6,17.4,15.4
2c_9s,FALSE,FALSE,FALSE,41.3,29.7,17.7,13.9,11.7,8.7,8.3,6.9
2h_Jd,FALSE,FALSE,FALSE,43,30,20.9,15.2,15,12.6,10,9.3
5s_6d,FALSE,FALSE,TRUE,48.7,30.6,23.5,17.6,15.6,12,12.4,11.2
6s_8d,FALSE,FALSE,FALSE,50.6,27.7,21.3,19.9,18.1,14,11.8,11.3
3d_9d,FALSE,TRUE,FALSE,48.2,31.5,22.9,19.7,16.5,13.8,12.9,10.7
5h_9h,FALSE,TRUE,FALSE,48.1,33.2,27.3,25.1,19,15.6,14,12.4
9h_Ac,FALSE,FALSE,FALSE,60.1,45.5,33.2,28.3,21.6,19,17.7,16
5h_9s,FALSE,FALSE,FALSE,45.8,27.7,23.3,15,14.5,11.7,10.6,8.3
3h_Jd,FALSE,FALSE,FALSE,47.6,30,22.1,16.4,13,10.1,10.7,8.3
8c_Tc,FALSE,TRUE,FALSE,55.3,39.3,33,26.6,22.5,18.3,17.2,16.9
6h_Ad,FALSE,FALSE,FALSE,59.9,42,31.1,21.6,22,17.3,15.3,13.6
7s_8d,FALSE,FALSE,TRUE,49.4,34.1,24.8,21.1,18.1,15.5,15.7,10.7
Js_Kc,FALSE,FALSE,FALSE,62,43.3,35.2,33.1,24.3,25.9,18.5,17.8
5s_8d,FALSE,FALSE,FALSE,45.5,28.6,24.5,16.6,14.5,11.4,9.6,10.7
5c_Qs,FALSE,FALSE,FALSE,54,34.8,25.6,19.9,14.3,13.2,12.7,10.6
